,Free Cash Flow,Repurchase Of Capital Stock,Repayment Of Debt,Issuance Of Debt,Capital Expenditure,Income Tax Paid Supplemental Data,End Cash Position,Beginning Cash Position,Changes In Cash,Financing Cash Flow,Cash Flow From Continuing Financing Activities,Net Other Financing Charges,Cash Dividends Paid,Common Stock Dividend Paid,Net Common Stock Issuance,Common Stock Payments,Net Issuance Payments Of Debt,Net Short Term Debt Issuance,Short Term Debt Payments,Net Long Term Debt Issuance,Long Term Debt Payments,Long Term Debt Issuance,Investing Cash Flow,Cash Flow From Continuing Investing Activities,Net Other Investing Changes,Net Investment Purchase And Sale,Sale Of Investment,Purchase Of Investment,Net PPE Purchase And Sale,Purchase Of PPE,Operating Cash Flow,Cash Flow From Continuing Operating Activities,Change In Working Capital,Change In Other Current Liabilities,Change In Other Current Assets,Change In Payables And Accrued Expense,Change In Payable,Change In Account Payable,Change In Inventory,Change In Receivables,Changes In Account Receivables,Other Non Cash Items,Stock Based Compensation,Depreciation Amortization Depletion,Depreciation And Amortization,Net Income From Continuing Operations
AAPL,51552000000.0,-24701000000.0,-8074000000.0,,-2373000000.0,3434000000.0,45317000000.0,35934000000.0,9383000000.0,-39656000000.0,-39656000000.0,-2960000000.0,-3921000000.0,-3921000000.0,-24701000000.0,-24701000000.0,-8074000000.0,-5910000000.0,-5910000000.0,-2164000000.0,-2164000000.0,,-4886000000.0,-4886000000.0,-154000000.0,-2359000000.0,10334000000.0,-12693000000.0,-2373000000.0,-2373000000.0,53925000000.0,53925000000.0,5548000000.0,12533000000.0,-10250000000.0,848000000.0,848000000.0,848000000.0,-211000000.0,2628000000.0,-153000000.0,-528000000.0,3594000000.0,3214000000.0,3214000000.0,42097000000.0
MSFT,5882000000.0,-7415000000.0,-3000000000.0,,-29876000000.0,,24296000000.0,28849000000.0,-4564000000.0,-17617000000.0,-17617000000.0,-699000000.0,-6762000000.0,-6762000000.0,-7156000000.0,-7415000000.0,-3000000000.0,0.0,0.0,-3000000000.0,-3000000000.0,,-22705000000.0,-22705000000.0,-637000000.0,8263000000.0,18108000000.0,-9845000000.0,-29876000000.0,-29876000000.0,35758000000.0,35758000000.0,-9632000000.0,1609000000.0,-669000000.0,1197000000.0,1197000000.0,1197000000.0,70000000.0,-3436000000.0,-3436000000.0,,3219000000.0,9198000000.0,9198000000.0,38458000000.0
GOOGL,24551000000.0,-5499000000.0,-6333000000.0,26562000000.0,-27851000000.0,,30708000000.0,23090000000.0,7654000000.0,7028000000.0,7028000000.0,0.0,-2536000000.0,-2536000000.0,-5499000000.0,-5499000000.0,20229000000.0,,,20229000000.0,-6333000000.0,26562000000.0,-51776000000.0,-51776000000.0,-525000000.0,-23233000000.0,22110000000.0,-45343000000.0,-27851000000.0,-27851000000.0,52402000000.0,52402000000.0,4707000000.0,,-482000000.0,12509000000.0,4970000000.0,1678000000.0,,-5197000000.0,-5197000000.0,1265000000.0,7071000000.0,6040000000.0,6040000000.0,34455000000.0
AMZN,14937000000.0,,-5101000000.0,17116000000.0,-39522000000.0,1521000000.0,90106000000.0,70464000000.0,19505000000.0,12291000000.0,12291000000.0,,,,,,12015000000.0,-937000000.0,-3126000000.0,12952000000.0,-1975000000.0,14927000000.0,-47245000000.0,-47245000000.0,,-7373000000.0,8841000000.0,-16214000000.0,-38469000000.0,-39522000000.0,54459000000.0,54459000000.0,9270000000.0,,-5220000000.0,17058000000.0,11065000000.0,11065000000.0,3101000000.0,-5478000000.0,-5478000000.0,-693000000.0,4397000000.0,19471000000.0,19471000000.0,21192000000.0
META,14831000000.0,0.0,-754000000.0,29906000000.0,-21383000000.0,1285000000.0,39100000000.0,11941000000.0,27176000000.0,25149000000.0,25149000000.0,-2665000000.0,-1338000000.0,-1338000000.0,0.0,0.0,29152000000.0,,,29152000000.0,-754000000.0,29906000000.0,-34187000000.0,-34187000000.0,-405000000.0,-11537000000.0,3113000000.0,-14650000000.0,-21383000000.0,-21383000000.0,36214000000.0,36214000000.0,1664000000.0,-431000000.0,-272000000.0,4583000000.0,623000000.0,623000000.0,,-2475000000.0,-2475000000.0,37000000.0,5890000000.0,5411000000.0,5411000000.0,22768000000.0
NVDA,34904000000.0,-3815000000.0,0.0,,-1284000000.0,6979000000.0,10605000000.0,11486000000.0,-881000000.0,-6208000000.0,-6208000000.0,-2152000000.0,-242000000.0,-242000000.0,-3815000000.0,-3815000000.0,0.0,,,0.0,0.0,,-30861000000.0,-30861000000.0,,-16412000000.0,16928000000.0,-33340000000.0,-1284000000.0,-1284000000.0,36188000000.0,36188000000.0,-4325000000.0,533000000.0,,2117000000.0,1064000000.0,1064000000.0,-1621000000.0,-5074000000.0,-5074000000.0,-11000000.0,1633000000.0,812000000.0,812000000.0,42960000000.0
TSLA,1420000000.0,,-767000000.0,1354000000.0,-2393000000.0,,17616000000.0,19584000000.0,-2005000000.0,710000000.0,710000000.0,-23000000.0,,,,,587000000.0,,,587000000.0,-767000000.0,1354000000.0,-6528000000.0,-6528000000.0,,-4135000000.0,8072000000.0,-12207000000.0,-2393000000.0,-2393000000.0,3813000000.0,3813000000.0,-214000000.0,,-79000000.0,1397000000.0,,,-214000000.0,45000000.0,45000000.0,37000000.0,954000000.0,1643000000.0,1643000000.0,856000000.0
AVGO,8010000000.0,-7850000000.0,-3650000000.0,4474000000.0,-250000000.0,782000000.0,14174000000.0,16178000000.0,-2004000000.0,-10149000000.0,-10149000000.0,-37000000.0,-3086000000.0,,-7850000000.0,-7850000000.0,824000000.0,0.0,,824000000.0,-3650000000.0,4474000000.0,-115000000.0,-115000000.0,5000000.0,130000000.0,244000000.0,-114000000.0,-250000000.0,-250000000.0,8260000000.0,8260000000.0,-3105000000.0,,,534000000.0,534000000.0,534000000.0,-692000000.0,-1315000000.0,-1315000000.0,87000000.0,2176000000.0,2153000000.0,2153000000.0,7349000000.0
ORCL,-11484000000.0,-2000000.0,-71000000.0,26664000000.0,-18635000000.0,,38455000000.0,19241000000.0,19105000000.0,31498000000.0,31498000000.0,-12000000.0,-1437000000.0,-1437000000.0,7000000.0,-2000000.0,27986000000.0,1393000000.0,,26593000000.0,-71000000.0,26664000000.0,-19544000000.0,-19544000000.0,,-909000000.0,120000000.0,-1029000000.0,,,7151000000.0,7151000000.0,85000000.0,,,1502000000.0,1502000000.0,545000000.0,,-1301000000.0,-1301000000.0,,1328000000.0,2566000000.0,2566000000.0,3721000000.0
ADBE,2921000000.0,-2478000000.0,0.0,0.0,-37000000.0,125000000.0,6332000000.0,5431000000.0,888000000.0,-2544000000.0,-2544000000.0,-150000000.0,,,-2394000000.0,-2478000000.0,0.0,,,0.0,0.0,0.0,474000000.0,474000000.0,1000000.0,510000000.0,920000000.0,-410000000.0,-37000000.0,-37000000.0,2958000000.0,2958000000.0,276000000.0,,,-76000000.0,374000000.0,3000000.0,,252000000.0,252000000.0,46000000.0,509000000.0,174000000.0,174000000.0,1889000000.0
CRM,5323000000.0,-3937000000.0,-146000000.0,,-141000000.0,159000000.0,7327000000.0,8978000000.0,-1655000000.0,1588000000.0,1588000000.0,-212000000.0,-391000000.0,-391000000.0,-3937000000.0,-3937000000.0,5854000000.0,,,5854000000.0,-146000000.0,,-8707000000.0,-8707000000.0,,-330000000.0,375000000.0,-705000000.0,,,5464000000.0,5464000000.0,1569000000.0,-152000000.0,,2238000000.0,2238000000.0,2238000000.0,,-8632000000.0,-8632000000.0,560000000.0,1083000000.0,1120000000.0,1120000000.0,1943000000.0
NFLX,1872307000.0,-2079559000.0,0.0,0.0,-239335000.0,,9039194000.0,9290868000.0,-222297000.0,-2077410000.0,-2077410000.0,-73933000.0,,,-2003477000.0,-2079559000.0,0.0,,,0.0,0.0,0.0,-256529000.0,-256529000.0,,0.0,8450000.0,-8450000.0,-239335000.0,-239335000.0,2111642000.0,2111642000.0,-252362000.0,,-313014000.0,252779000.0,117890000.0,117890000.0,,,,-4866718000.0,134624000.0,4850219000.0,4850219000.0,2418521000.0
AMD,2378000000.0,-160000000.0,0.0,0.0,-222000000.0,,5556000000.0,4825000000.0,731000000.0,-328000000.0,-328000000.0,,,,-160000000.0,-160000000.0,0.0,,,0.0,0.0,0.0,-1541000000.0,-2889000000.0,,-2633000000.0,797000000.0,-3430000000.0,-222000000.0,-222000000.0,2600000000.0,2304000000.0,-1386000000.0,,,-910000000.0,-588000000.0,-588000000.0,-610000000.0,-114000000.0,-114000000.0,91000000.0,486000000.0,751000000.0,751000000.0,1620000000.0
INTC,800000000.0,,0.0,0.0,-3488000000.0,360000000.0,14712000000.0,11141000000.0,3571000000.0,5849000000.0,5849000000.0,831000000.0,0.0,0.0,,,0.0,0.0,0.0,0.0,0.0,0.0,-6566000000.0,-6566000000.0,417000000.0,-2824000000.0,5094000000.0,-7918000000.0,-3488000000.0,-3488000000.0,4288000000.0,4288000000.0,459000000.0,,,825000000.0,578000000.0,578000000.0,-129000000.0,-611000000.0,-611000000.0,104000000.0,538000000.0,3027000000.0,3027000000.0,-333000000.0
CSCO,1539000000.0,-1079000000.0,-204000000.0,2682000000.0,-283000000.0,2935000000.0,7459000000.0,8401000000.0,-923000000.0,-1439000000.0,-1439000000.0,-1065000000.0,-1617000000.0,-1617000000.0,-725000000.0,-1079000000.0,1968000000.0,-510000000.0,,2478000000.0,-204000000.0,2682000000.0,-1306000000.0,-1306000000.0,14000000.0,-998000000.0,1293000000.0,-2291000000.0,-283000000.0,-283000000.0,1822000000.0,1822000000.0,-2810000000.0,557000000.0,-50000000.0,763000000.0,344000000.0,344000000.0,-527000000.0,-1611000000.0,-1803000000.0,,934000000.0,659000000.0,659000000.0,3175000000.0
QCOM,4416000000.0,-2650000000.0,0.0,0.0,-549000000.0,,7205000000.0,7843000000.0,-638000000.0,-3882000000.0,-3882000000.0,-283000000.0,-949000000.0,-949000000.0,-2650000000.0,-2650000000.0,0.0,0.0,0.0,,,,-1721000000.0,-1721000000.0,34000000.0,-116000000.0,767000000.0,-883000000.0,,,4965000000.0,4965000000.0,594000000.0,,553000000.0,27000000.0,-73000000.0,-73000000.0,-99000000.0,243000000.0,243000000.0,-40000000.0,888000000.0,393000000.0,393000000.0,3004000000.0
TXN,1329000000.0,-403000000.0,0.0,0.0,-925000000.0,89000000.0,3225000000.0,3311000000.0,-86000000.0,-1664000000.0,-1664000000.0,-13000000.0,-1290000000.0,-1290000000.0,-361000000.0,-403000000.0,0.0,,,0.0,0.0,0.0,-676000000.0,-676000000.0,19000000.0,230000000.0,1110000000.0,-880000000.0,,,2254000000.0,2254000000.0,281000000.0,,,149000000.0,43000000.0,20000000.0,25000000.0,99000000.0,99000000.0,55000000.0,81000000.0,557000000.0,557000000.0,1163000000.0
IBM,3487000000.0,-167000000.0,-1810000000.0,0.0,-553000000.0,,13640000000.0,11600000000.0,2051000000.0,-3406000000.0,-3406000000.0,-30000000.0,-1574000000.0,-1574000000.0,8000000.0,-167000000.0,-1810000000.0,0.0,,-1810000000.0,-1810000000.0,0.0,1417000000.0,1416000000.0,,2357000000.0,3542000000.0,-1185000000.0,-379000000.0,-382000000.0,4040000000.0,4041000000.0,-2335000000.0,,,,,,,,,,430000000.0,1296000000.0,1296000000.0,5600000000.0
UBER,2808000000.0,-1912000000.0,-1195000000.0,0.0,-75000000.0,71000000.0,9647000000.0,11483000000.0,-1849000000.0,-3118000000.0,-3118000000.0,-74000000.0,,,-1912000000.0,-1912000000.0,-1195000000.0,,,-1195000000.0,-1195000000.0,0.0,-1614000000.0,-1614000000.0,-135000000.0,-1393000000.0,6499000000.0,-7892000000.0,-75000000.0,-75000000.0,2883000000.0,2883000000.0,652000000.0,-48000000.0,42000000.0,3000000000.0,-106000000.0,-106000000.0,,-109000000.0,-109000000.0,-55000000.0,451000000.0,193000000.0,193000000.0,317000000.0
ABNB,526000000.0,-1095000000.0,,,,52000000.0,13486000000.0,14713000000.0,-1224000000.0,-1450000000.0,-1450000000.0,-399000000.0,,,-1095000000.0,-1095000000.0,,,,,,,-300000000.0,-300000000.0,-6000000.0,-294000000.0,484000000.0,-778000000.0,,,526000000.0,526000000.0,-329000000.0,,,-111000000.0,,,,,,63000000.0,411000000.0,,,341000000.0
JPM,119724000000.0,-8264000000.0,-29488000000.0,35747000000.0,,2136000000.0,343338000000.0,303436000000.0,43049000000.0,-123557000000.0,-123557000000.0,-827000000.0,-4417000000.0,,-8264000000.0,-8264000000.0,1516000000.0,-4743000000.0,,6259000000.0,-29488000000.0,35747000000.0,46882000000.0,46882000000.0,-3272000000.0,8246000000.0,60483000000.0,-52237000000.0,,,119724000000.0,119724000000.0,109820000000.0,,-5023000000.0,-714000000.0,-714000000.0,-714000000.0,,29869000000.0,29869000000.0,-11548000000.0,,2312000000.0,2312000000.0,13025000000.0
BAC,-22945000000.0,-6310000000.0,-18138000000.0,24012000000.0,,,231845000000.0,246507000000.0,-14070000000.0,10047000000.0,10047000000.0,306000000.0,-2360000000.0,,-6310000000.0,-6310000000.0,-238000000.0,-6112000000.0,,5874000000.0,-18138000000.0,24012000000.0,-1172000000.0,-1172000000.0,-1515000000.0,11213000000.0,77992000000.0,-66779000000.0,,,-22945000000.0,-22945000000.0,-36136000000.0,,4959000000.0,-2924000000.0,,,,,,2440000000.0,969000000.0,594000000.0,594000000.0,7528000000.0
WFC,4121000000.0,-5000000000.0,-3184000000.0,1229000000.0,,576000000.0,172593000000.0,172516000000.0,77000000.0,81526000000.0,81526000000.0,-51000000.0,-1646000000.0,-1398000000.0,-5000000000.0,-5000000000.0,-108179000000.0,-106224000000.0,,-1955000000.0,-3184000000.0,1229000000.0,-85570000000.0,-85570000000.0,791000000.0,-2329000000.0,15350000000.0,-17679000000.0,,,4121000000.0,4121000000.0,-6807000000.0,,3394000000.0,-7036000000.0,,,,,,2538000000.0,,2123000000.0,2123000000.0,5423000000.0
GS,-16807000000.0,-3000000000.0,-21993000000.0,29589000000.0,-531000000.0,1052000000.0,164259000000.0,169577000000.0,-4554000000.0,16755000000.0,16755000000.0,1431000000.0,-1463000000.0,,-3000000000.0,-3000000000.0,8836000000.0,1240000000.0,,7596000000.0,-21993000000.0,29589000000.0,-5033000000.0,-5033000000.0,,8538000000.0,28399000000.0,-19861000000.0,-232000000.0,-531000000.0,-16276000000.0,-16276000000.0,-21122000000.0,,,,,,,,,1210000000.0,258000000.0,527000000.0,527000000.0,4617000000.0
MS,-3119000000.0,-1530000000.0,-28199000000.0,44985000000.0,-709000000.0,820000000.0,111695000000.0,103734000000.0,8163000000.0,23970000000.0,23970000000.0,370000000.0,-1688000000.0,,-1530000000.0,-1530000000.0,16786000000.0,,,16786000000.0,-28199000000.0,44985000000.0,-13397000000.0,-13397000000.0,-346000000.0,481000000.0,8292000000.0,-7811000000.0,-709000000.0,,-2410000000.0,-2410000000.0,-9160000000.0,,,1142000000.0,1142000000.0,,,505000000.0,,140000000.0,469000000.0,1138000000.0,1138000000.0,4424000000.0
C,24924000000.0,-6000000000.0,-25346000000.0,25733000000.0,-1631000000.0,1798000000.0,349579000000.0,348060000000.0,2506000000.0,25281000000.0,25281000000.0,1873000000.0,-1351000000.0,,-4500000000.0,-4500000000.0,-2495000000.0,-2882000000.0,,387000000.0,-25346000000.0,25733000000.0,-49330000000.0,-49330000000.0,83000000.0,8081000000.0,75440000000.0,-67359000000.0,38000000.0,,26555000000.0,26555000000.0,20513000000.0,-907000000.0,-2578000000.0,,,,,,,-1262000000.0,,1103000000.0,1103000000.0,2472000000.0
BLK,2147000000.0,-514000000.0,-68000000.0,0.0,-130000000.0,,11490000000.0,10001000000.0,1477000000.0,-588000000.0,-588000000.0,830000000.0,-850000000.0,-850000000.0,-514000000.0,-514000000.0,-68000000.0,,,-68000000.0,-68000000.0,0.0,-212000000.0,-212000000.0,,-175000000.0,77000000.0,-252000000.0,-130000000.0,-130000000.0,2277000000.0,2277000000.0,626000000.0,-2164000000.0,1998000000.0,96000000.0,,,,-354000000.0,-354000000.0,-262000000.0,421000000.0,369000000.0,369000000.0,1235000000.0
AXP,2346000000.0,-899000000.0,-3261000000.0,2001000000.0,-721000000.0,,47792000000.0,54706000000.0,-7034000000.0,-154000000.0,-154000000.0,,-583000000.0,,-890000000.0,-899000000.0,-1287000000.0,-28000000.0,,-1259000000.0,-3261000000.0,2002000000.0,-9947000000.0,-9947000000.0,,136000000.0,582000000.0,-446000000.0,-722000000.0,-721000000.0,3067000000.0,3067000000.0,-1127000000.0,,-1448000000.0,321000000.0,321000000.0,321000000.0,,,,-385000000.0,141000000.0,462000000.0,462000000.0,2462000000.0
PNC,757000000.0,-406000000.0,-3977000000.0,-770000000.0,,,39713000000.0,38871000000.0,842000000.0,2194000000.0,2194000000.0,,-759000000.0,-676000000.0,-397000000.0,-406000000.0,-4747000000.0,,,-4747000000.0,-3977000000.0,-770000000.0,-2109000000.0,-2109000000.0,-1139000000.0,2894000000.0,7673000000.0,-4779000000.0,,,757000000.0,757000000.0,-1957000000.0,,-909000000.0,479000000.0,,,,,,329000000.0,,108000000.0,108000000.0,2033000000.0
USB,2836000000.0,-122000000.0,-2680000000.0,69000000.0,,,46890000000.0,66637000000.0,-20453000000.0,-6439000000.0,-6439000000.0,-18000000.0,-910000000.0,-813000000.0,-109000000.0,-122000000.0,-898000000.0,1713000000.0,,-2611000000.0,-2680000000.0,69000000.0,-16850000000.0,-16850000000.0,-1007000000.0,-245000000.0,5668000000.0,-5913000000.0,,,2836000000.0,2836000000.0,,,,,,,,,,71000000.0,,227000000.0,227000000.0,2045000000.0
COF,7387000000.0,-2520000000.0,-3452000000.0,3007000000.0,-444000000.0,312000000.0,62093000000.0,58527000000.0,3566000000.0,3544000000.0,3544000000.0,,-581000000.0,-508000000.0,-2415000000.0,-2520000000.0,-445000000.0,,,-445000000.0,-3452000000.0,3007000000.0,-7809000000.0,-16609000000.0,-657000000.0,-959000000.0,4618000000.0,-5577000000.0,-444000000.0,,7831000000.0,7761000000.0,742000000.0,730000000.0,30000000.0,18000000.0,18000000.0,18000000.0,,-36000000.0,-36000000.0,-560000000.0,200000000.0,1605000000.0,1605000000.0,2134000000.0
TFC,2582000000.0,-1750000000.0,-18583000000.0,18848000000.0,,-4000000.0,36377000000.0,36852000000.0,-475000000.0,1735000000.0,1735000000.0,-13000000.0,-714000000.0,-658000000.0,-750000000.0,-750000000.0,-1279000000.0,-1544000000.0,,265000000.0,-18583000000.0,18848000000.0,-4792000000.0,-4792000000.0,-811000000.0,1722000000.0,6847000000.0,-5125000000.0,,,2582000000.0,2582000000.0,268000000.0,,-780000000.0,,,,,,,245000000.0,,203000000.0,203000000.0,1354000000.0
SPGI,1702000000.0,-2500000000.0,0.0,,-46000000.0,,1745000000.0,1672000000.0,74000000.0,-1202000000.0,-1202000000.0,-120000000.0,-290000000.0,-290000000.0,-2500000000.0,-2500000000.0,1708000000.0,,,993000000.0,0.0,,-472000000.0,-472000000.0,,17000000.0,,,,,1748000000.0,1748000000.0,252000000.0,95000000.0,,438000000.0,438000000.0,438000000.0,,-569000000.0,-569000000.0,120000000.0,69000000.0,297000000.0,297000000.0,1224000000.0
ICE,1009000000.0,-400000000.0,-1138000000.0,1740000000.0,-266000000.0,199000000.0,78614000000.0,85821000000.0,-7209000000.0,-5402000000.0,-5402000000.0,-5330000000.0,-274000000.0,-274000000.0,-400000000.0,-400000000.0,602000000.0,618000000.0,,-16000000.0,-1250000000.0,1234000000.0,-3082000000.0,-3082000000.0,-1802000000.0,-1014000000.0,0.0,-1014000000.0,,,1275000000.0,1275000000.0,-24000000.0,116000000.0,26000000.0,0.0,0.0,,,-10000000.0,-10000000.0,9000000.0,69000000.0,389000000.0,389000000.0,862000000.0
CME,1101400000.0,-257900000.0,0.0,0.0,-32500000.0,308800000.0,164079500000.0,151494500000.0,12585000000.0,9899200000.0,9899200000.0,10612100000.0,-455000000.0,,-257900000.0,-257900000.0,0.0,,,0.0,0.0,0.0,1551900000.0,1551900000.0,,600000.0,1700000.0,-1100000.0,-32500000.0,-32500000.0,1133900000.0,1133900000.0,104400000.0,68900000.0,-27700000.0,60400000.0,60400000.0,-3100000.0,,2800000.0,2800000.0,63800000.0,28900000.0,82400000.0,82400000.0,1182900000.0
MCO,777000000.0,,0.0,0.0,-81000000.0,,2384000000.0,2181000000.0,207000000.0,-609000000.0,-609000000.0,-3000000.0,-167000000.0,-167000000.0,-536000000.0,,0.0,,,0.0,0.0,0.0,-42000000.0,-42000000.0,,4000000.0,34000000.0,-30000000.0,,,858000000.0,858000000.0,143000000.0,-94000000.0,-37000000.0,262000000.0,,,,-266000000.0,-266000000.0,1000000.0,58000000.0,124000000.0,124000000.0,611000000.0
BK,4749000000.0,-1045000000.0,-400000000.0,0.0,-436000000.0,,7959000000.0,7644000000.0,295000000.0,15873000000.0,15873000000.0,-1790000000.0,-416000000.0,-377000000.0,-1040000000.0,-1045000000.0,-627000000.0,-227000000.0,,-400000000.0,-400000000.0,0.0,-20763000000.0,-20763000000.0,-435000000.0,-2480000000.0,8014000000.0,-10494000000.0,-436000000.0,-436000000.0,5185000000.0,5185000000.0,3181000000.0,,,,,,,,,,,552000000.0,552000000.0,1461000000.0
STT,9775000000.0,-419000000.0,-504000000.0,994000000.0,-267000000.0,143000000.0,4433000000.0,4756000000.0,-323000000.0,-12308000000.0,-12308000000.0,-7000000.0,-296000000.0,,-419000000.0,-419000000.0,-5513000000.0,-6003000000.0,,490000000.0,-504000000.0,994000000.0,1943000000.0,1943000000.0,393000000.0,4619000000.0,14011000000.0,-9392000000.0,-267000000.0,-267000000.0,10042000000.0,10042000000.0,9059000000.0,,158000000.0,-1156000000.0,,,,93000000.0,93000000.0,67000000.0,,190000000.0,190000000.0,747000000.0
SCHW,-921000000.0,-2765000000.0,-19766000000.0,23104000000.0,-158000000.0,620000000.0,69661000000.0,54865000000.0,14796000000.0,16710000000.0,16710000000.0,-4000000.0,-564000000.0,,-2765000000.0,-2765000000.0,3338000000.0,357000000.0,-9161000000.0,2981000000.0,-10605000000.0,13586000000.0,-1151000000.0,-1151000000.0,-139000000.0,3527000000.0,9684000000.0,-6157000000.0,-158000000.0,-158000000.0,-763000000.0,-763000000.0,-3952000000.0,,3901000000.0,5490000000.0,4226000000.0,944000000.0,,-13343000000.0,-10881000000.0,204000000.0,58000000.0,333000000.0,333000000.0,2459000000.0
ALL,2900000000.0,-434000000.0,-600000000.0,0.0,-89000000.0,,678000000.0,931000000.0,-253000000.0,-1293000000.0,-1293000000.0,23000000.0,-292000000.0,-263000000.0,-434000000.0,-434000000.0,-600000000.0,,,,-600000000.0,0.0,-1949000000.0,-1949000000.0,,-1906000000.0,17092000000.0,-18998000000.0,-89000000.0,-89000000.0,2989000000.0,2989000000.0,-875000000.0,,,,,,,1306000000.0,1306000000.0,,,,108000000.0,3827000000.0
WMT,6098000000.0,-1080000000.0,0.0,0.0,-8015000000.0,,11321000000.0,11097000000.0,252000000.0,-6541000000.0,-6541000000.0,-1794000000.0,-1877000000.0,-1877000000.0,-1080000000.0,-1080000000.0,-1790000000.0,-1790000000.0,,0.0,0.0,0.0,-7320000000.0,-7320000000.0,583000000.0,128000000.0,128000000.0,,-7978000000.0,-8015000000.0,14113000000.0,14113000000.0,2803000000.0,,,-4967000000.0,-5680000000.0,-5666000000.0,6778000000.0,992000000.0,,1103000000.0,,3741000000.0,3741000000.0,4392000000.0
COST,1707000000.0,-209000000.0,-79000000.0,136000000.0,-1289000000.0,777000000.0,17383000000.0,16217000000.0,1096000000.0,-730000000.0,-730000000.0,-1000000.0,-577000000.0,-577000000.0,-209000000.0,-209000000.0,57000000.0,71000000.0,-65000000.0,-14000000.0,-14000000.0,,-1170000000.0,-1170000000.0,4000000.0,115000000.0,170000000.0,-55000000.0,-1289000000.0,-1289000000.0,2996000000.0,2996000000.0,53000000.0,,,-3087000000.0,-3087000000.0,-3087000000.0,2374000000.0,,,145000000.0,166000000.0,597000000.0,597000000.0,2035000000.0
HD,2289000000.0,0.0,-1636000000.0,-2834000000.0,-1058000000.0,858000000.0,1389000000.0,1684000000.0,-348000000.0,-2480000000.0,-2480000000.0,2000000.0,-2289000000.0,-2289000000.0,129000000.0,0.0,-322000000.0,1264000000.0,,-1586000000.0,-1636000000.0,50000000.0,-1215000000.0,-1215000000.0,5000000.0,,,,,,3347000000.0,3347000000.0,-451000000.0,,-125000000.0,-1880000000.0,-1880000000.0,-1907000000.0,476000000.0,1112000000.0,,34000000.0,114000000.0,1079000000.0,1079000000.0,2571000000.0
LOW,964000000.0,0.0,-19000000.0,0.0,-603000000.0,355000000.0,982000000.0,621000000.0,361000000.0,-629000000.0,-629000000.0,-4000000.0,-673000000.0,-673000000.0,0.0,0.0,-19000000.0,,,-19000000.0,-19000000.0,0.0,-577000000.0,-577000000.0,-1000000.0,3000000.0,406000000.0,-403000000.0,57000000.0,,1567000000.0,1567000000.0,-547000000.0,314000000.0,-269000000.0,-479000000.0,-479000000.0,-479000000.0,-113000000.0,,,167000000.0,70000000.0,637000000.0,637000000.0,1000000000.0
PG,3805000000.0,-2278000000.0,-2943000000.0,3601000000.0,-1167000000.0,,10825000000.0,11171000000.0,-345000000.0,-4088000000.0,-4090000000.0,,-2544000000.0,,-2278000000.0,-2278000000.0,658000000.0,-992000000.0,-1941000000.0,1650000000.0,-1002000000.0,,-1228000000.0,-1229000000.0,-61000000.0,,,,,,4972000000.0,4972000000.0,-148000000.0,,,-409000000.0,-409000000.0,-409000000.0,48000000.0,213000000.0,213000000.0,-301000000.0,141000000.0,802000000.0,802000000.0,4331000000.0
KO,2874000000.0,-102000000.0,-801000000.0,126000000.0,-882000000.0,,11010000000.0,13364000000.0,-2340000000.0,-5052000000.0,-5052000000.0,43000000.0,-4388000000.0,-4388000000.0,-32000000.0,-102000000.0,-675000000.0,,,-675000000.0,-801000000.0,126000000.0,-1044000000.0,-1044000000.0,-93000000.0,-2503000000.0,365000000.0,-2868000000.0,-890000000.0,-882000000.0,3756000000.0,3756000000.0,832000000.0,,,,,,,,,391000000.0,75000000.0,236000000.0,236000000.0,2316000000.0
PEP,4703000000.0,-248000000.0,-3340000000.0,1598000000.0,-1916000000.0,,9204000000.0,8171000000.0,1006000000.0,-3971000000.0,-3971000000.0,-56000000.0,-1946000000.0,-1946000000.0,-248000000.0,-248000000.0,-1742000000.0,-915000000.0,-2503000000.0,-827000000.0,-837000000.0,10000000.0,-1642000000.0,-1642000000.0,17000000.0,182000000.0,182000000.0,0.0,256000000.0,,6619000000.0,6619000000.0,2415000000.0,,,531000000.0,531000000.0,970000000.0,299000000.0,1167000000.0,,-64000000.0,81000000.0,1374000000.0,1374000000.0,2555000000.0
MCD,2417000000.0,-501000000.0,-1251000000.0,1833000000.0,-1011000000.0,,2413000000.0,1876000000.0,531000000.0,-1786000000.0,-1786000000.0,-35000000.0,-1262000000.0,-1262000000.0,-501000000.0,-501000000.0,-17000000.0,-599000000.0,,582000000.0,-1251000000.0,1833000000.0,-1112000000.0,-1112000000.0,-116000000.0,,,,22000000.0,,3428000000.0,3428000000.0,570000000.0,,,,,,,,,-53000000.0,39000000.0,559000000.0,559000000.0,2278000000.0
NKE,284000000.0,0.0,,,-146000000.0,,6660000000.0,6974000000.0,-339000000.0,-601000000.0,-601000000.0,-9000000.0,-609000000.0,,0.0,0.0,0.0,0.0,,,,,-168000000.0,-168000000.0,-60000000.0,38000000.0,291000000.0,-253000000.0,-146000000.0,-146000000.0,430000000.0,430000000.0,-383000000.0,,,-1211000000.0,-1211000000.0,-1211000000.0,281000000.0,398000000.0,398000000.0,,194000000.0,216000000.0,216000000.0,520000000.0
SBUX,1274000000.0,,0.0,2500000.0,-323700000.0,94900000.0,3413400000.0,3219800000.0,531800000.0,-743000000.0,-743000000.0,-58100000.0,-705100000.0,-705100000.0,17700000.0,,2500000.0,2500000.0,0.0,,,,-322900000.0,-322900000.0,-25700000.0,26500000.0,77500000.0,-51000000.0,-323700000.0,-323700000.0,1597700000.0,1597700000.0,-58400000.0,-433200000.0,,16400000.0,16400000.0,-39000000.0,-31800000.0,-200000.0,-200000.0,358200000.0,126100000.0,431900000.0,431900000.0,293200000.0
TGT,2192000000.0,0.0,-34000000.0,0.0,-885000000.0,,5488000000.0,3822000000.0,1666000000.0,-552000000.0,-552000000.0,-2000000.0,-516000000.0,-516000000.0,0.0,0.0,-34000000.0,,,-34000000.0,-34000000.0,0.0,-859000000.0,-859000000.0,26000000.0,,,,,,3077000000.0,3077000000.0,1287000000.0,,-200000000.0,-1105000000.0,-1159000000.0,-1159000000.0,2592000000.0,,,-108000000.0,84000000.0,803000000.0,803000000.0,1045000000.0
TJX,2689000000.0,-784000000.0,,,-468000000.0,,6230000000.0,4640000000.0,1545000000.0,-1141000000.0,-1141000000.0,-1000000.0,-471000000.0,-471000000.0,-669000000.0,-784000000.0,,,,,,,-471000000.0,-471000000.0,,-3000000.0,4000000.0,-7000000.0,-468000000.0,-468000000.0,3157000000.0,3157000000.0,936000000.0,-2000000.0,,-822000000.0,-1406000000.0,-1403000000.0,2127000000.0,119000000.0,54000000.0,13000000.0,83000000.0,327000000.0,327000000.0,1773000000.0
DG,581971000.0,,-562244000.0,,-233704000.0,,1138501000.0,1240623000.0,-102122000.0,-684809000.0,-684809000.0,7360000.0,-129925000.0,-129925000.0,,,-562244000.0,,,-562244000.0,-562244000.0,,-232988000.0,-232988000.0,,,,,-232988000.0,-233704000.0,815675000.0,815675000.0,84763000.0,,,-327477000.0,-287489000.0,-287489000.0,271180000.0,,,102481000.0,18106000.0,270361000.0,270361000.0,426300000.0
EL,1017000000.0,-58000000.0,-1000000.0,,-108000000.0,147000000.0,3082000000.0,2219000000.0,853000000.0,-180000000.0,-180000000.0,0.0,-128000000.0,,-58000000.0,-58000000.0,-1000000.0,,,-1000000.0,-1000000.0,,-92000000.0,-92000000.0,,6000000.0,0.0,6000000.0,,,1125000000.0,1125000000.0,611000000.0,,36000000.0,177000000.0,-35000000.0,-35000000.0,173000000.0,232000000.0,232000000.0,-6000000.0,94000000.0,197000000.0,197000000.0,162000000.0
CL,1276000000.0,-406000000.0,0.0,691000000.0,-177000000.0,201000000.0,1288000000.0,1279000000.0,-11000000.0,-1361000000.0,-1361000000.0,-13000000.0,-523000000.0,-523000000.0,-406000000.0,-406000000.0,-437000000.0,-1128000000.0,,691000000.0,0.0,691000000.0,-103000000.0,-103000000.0,-9000000.0,83000000.0,244000000.0,-161000000.0,,,1453000000.0,1453000000.0,447000000.0,,,221000000.0,,,100000000.0,164000000.0,,8000000.0,28000000.0,173000000.0,173000000.0,-5000000.0
KMB,575000000.0,-1000000.0,0.0,,-397000000.0,,701000000.0,634000000.0,63000000.0,-608000000.0,-608000000.0,-50000000.0,-418000000.0,-418000000.0,-1000000.0,-1000000.0,-139000000.0,-139000000.0,,0.0,0.0,,-301000000.0,-301000000.0,32000000.0,64000000.0,136000000.0,-72000000.0,,,972000000.0,972000000.0,176000000.0,,,,,,,,,1000000.0,25000000.0,189000000.0,189000000.0,510000000.0
GIS,295500000.0,-200000.0,-698700000.0,0.0,-102400000.0,,785500000.0,683400000.0,81700000.0,-210200000.0,-210200000.0,-3400000.0,-328400000.0,-328400000.0,-200000.0,-200000.0,121700000.0,820400000.0,,-698700000.0,-698700000.0,0.0,-106000000.0,-106000000.0,13700000.0,,,,-99600000.0,-102400000.0,397900000.0,397900000.0,-184500000.0,-142300000.0,,-332200000.0,-332200000.0,-332200000.0,283600000.0,50400000.0,,6300000.0,26300000.0,139400000.0,139400000.0,305500000.0
CPB,416000000.0,-2000000.0,-703000000.0,800000000.0,-100000000.0,,561000000.0,168000000.0,392000000.0,-27000000.0,-27000000.0,-5000000.0,-117000000.0,-117000000.0,-2000000.0,-2000000.0,97000000.0,-452000000.0,-703000000.0,549000000.0,0.0,549000000.0,-97000000.0,-97000000.0,,,,,-100000000.0,-100000000.0,516000000.0,516000000.0,217000000.0,,-19000000.0,-8000000.0,,,147000000.0,97000000.0,97000000.0,20000000.0,20000000.0,102000000.0,102000000.0,145000000.0
HSY,788468000.0,0.0,-1752000.0,0.0,-138085000.0,30058000.0,925859000.0,1163017000.0,-236897000.0,-266915000.0,-266915000.0,-1597000.0,-271341000.0,-271341000.0,0.0,0.0,1984000.0,3736000.0,,-1752000.0,-1752000.0,0.0,-896535000.0,-896535000.0,68000.0,,,,,,926553000.0,926553000.0,332297000.0,,,-366821000.0,-366821000.0,-290147000.0,311694000.0,255947000.0,255947000.0,18014000.0,19007000.0,132521000.0,132521000.0,320017000.0
JNJ,5472000000.0,-1924000000.0,-1808000000.0,3913000000.0,-1837000000.0,,19709000000.0,18231000000.0,1455000000.0,-1369000000.0,-1369000000.0,-6000000.0,-3131000000.0,-3131000000.0,-1924000000.0,-1924000000.0,2105000000.0,2107000000.0,-1806000000.0,-2000000.0,-2000000.0,0.0,-4485000000.0,-4485000000.0,-1880000000.0,2314000000.0,219000000.0,2095000000.0,-1837000000.0,-1837000000.0,7309000000.0,7309000000.0,3596000000.0,499000000.0,1486000000.0,1266000000.0,,,-46000000.0,391000000.0,391000000.0,0.0,309000000.0,2011000000.0,2011000000.0,5116000000.0
PFE,4503000000.0,,-2906000000.0,5991000000.0,-845000000.0,1017000000.0,1197000000.0,1394000000.0,-202000000.0,596000000.0,597000000.0,-44000000.0,-2445000000.0,-2445000000.0,,,3085000000.0,101000000.0,101000000.0,2984000000.0,-3007000000.0,5991000000.0,-6146000000.0,-6146000000.0,-137000000.0,1763000000.0,5314000000.0,-3551000000.0,-845000000.0,-845000000.0,5348000000.0,5350000000.0,1590000000.0,,,,,,,,,-487000000.0,225000000.0,1687000000.0,1687000000.0,-1640000000.0
UNH,160000000.0,0.0,-1050000000.0,0.0,-948000000.0,,24365000000.0,27210000000.0,-2534000000.0,-1031000000.0,-1031000000.0,2659000000.0,-2002000000.0,-2002000000.0,24000000.0,0.0,-1712000000.0,-662000000.0,,-1050000000.0,-1050000000.0,0.0,-2611000000.0,-2611000000.0,-294000000.0,-1296000000.0,3272000000.0,-4568000000.0,-948000000.0,-948000000.0,1108000000.0,1108000000.0,-495000000.0,,-1501000000.0,1728000000.0,1728000000.0,2082000000.0,,-829000000.0,-829000000.0,699000000.0,176000000.0,1117000000.0,1117000000.0,218000000.0
ABBV,4889000000.0,-3000000.0,-799000000.0,-500000000.0,-329000000.0,,5229000000.0,5629000000.0,-411000000.0,-4166000000.0,-4166000000.0,-1000000.0,-2911000000.0,-2911000000.0,-3000000.0,-3000000.0,-1299000000.0,-1291000000.0,-791000000.0,-8000000.0,-8000000.0,0.0,-1463000000.0,-1463000000.0,-1000000.0,28000000.0,34000000.0,-6000000.0,-329000000.0,-329000000.0,5218000000.0,5218000000.0,-473000000.0,,,-598000000.0,-598000000.0,-598000000.0,-25000000.0,162000000.0,162000000.0,1981000000.0,157000000.0,1987000000.0,1987000000.0,1815000000.0
MRK,1824000000.0,-1252000000.0,-2000000.0,7918000000.0,-1033000000.0,,14690000000.0,18260000000.0,-3593000000.0,4751000000.0,4751000000.0,121000000.0,-2018000000.0,-2018000000.0,-1252000000.0,-1252000000.0,7853000000.0,,,7916000000.0,-2000000.0,7918000000.0,-11201000000.0,-11201000000.0,-172000000.0,46000000.0,46000000.0,0.0,,,2857000000.0,2857000000.0,-2319000000.0,,,,,,,,,118000000.0,205000000.0,2466000000.0,2466000000.0,2962000000.0
LLY,254200000.0,-1507700000.0,100000.0,-200000.0,-2970400000.0,,7268000000.0,9791900000.0,-2456400000.0,-2878800000.0,-2878800000.0,-25100000.0,-1345500000.0,-1345500000.0,-1507700000.0,-1507700000.0,-500000.0,-400000.0,,-100000.0,100000.0,-200000.0,-2802200000.0,-2802200000.0,56800000.0,5000000.0,132000000.0,-127000000.0,-2546700000.0,-2546700000.0,3224600000.0,3224600000.0,-3674100000.0,,,,,,,,,467300000.0,136100000.0,585700000.0,585700000.0,6637700000.0
TMO,2992000000.0,-37000000.0,-1285000000.0,4919000000.0,-465000000.0,,9879000000.0,2011000000.0,7874000000.0,3526000000.0,3526000000.0,91000000.0,-162000000.0,,-37000000.0,-37000000.0,3634000000.0,-498000000.0,-498000000.0,4132000000.0,-787000000.0,4919000000.0,891000000.0,892000000.0,0.0,1329000000.0,1361000000.0,-32000000.0,-438000000.0,-465000000.0,3457000000.0,3458000000.0,489000000.0,,,,,,,,,97000000.0,84000000.0,728000000.0,728000000.0,1970000000.0
ABT,2626000000.0,-302000000.0,-1000000.0,2000000.0,-689000000.0,,8522000000.0,7511000000.0,1005000000.0,-1397000000.0,-1397000000.0,0.0,-1030000000.0,-1030000000.0,-302000000.0,-302000000.0,-70000000.0,-71000000.0,,1000000.0,-1000000.0,2000000.0,-913000000.0,-913000000.0,6000000.0,-210000000.0,,,-689000000.0,-689000000.0,3315000000.0,3315000000.0,110000000.0,,,,,,234000000.0,222000000.0,222000000.0,,113000000.0,792000000.0,792000000.0,1776000000.0
DHR,1746000000.0,0.0,0.0,1552000000.0,-371000000.0,,4615000000.0,1528000000.0,3055000000.0,1322000000.0,1322000000.0,-17000000.0,-226000000.0,,85000000.0,0.0,1519000000.0,-33000000.0,,1552000000.0,0.0,1552000000.0,-384000000.0,-384000000.0,12000000.0,-48000000.0,0.0,-48000000.0,-348000000.0,-371000000.0,2117000000.0,2117000000.0,146000000.0,,,555000000.0,143000000.0,143000000.0,184000000.0,-151000000.0,-151000000.0,,63000000.0,623000000.0,623000000.0,1183000000.0
BMY,1604000000.0,,-10068000000.0,5334000000.0,-370000000.0,,10218000000.0,15726000000.0,-5513000000.0,-6029000000.0,-6029000000.0,,-1262000000.0,-1262000000.0,,,-4734000000.0,-406000000.0,0.0,-4328000000.0,-10068000000.0,5740000000.0,-1458000000.0,-1458000000.0,,340000000.0,418000000.0,-78000000.0,,,1974000000.0,1974000000.0,-1654000000.0,,,-414000000.0,-414000000.0,-90000000.0,71000000.0,19000000.0,,1716000000.0,133000000.0,977000000.0,977000000.0,1085000000.0
AMGN,961000000.0,,0.0,,-642000000.0,,9129000000.0,9445000000.0,-316000000.0,-1226000000.0,-1226000000.0,57000000.0,-1283000000.0,-1283000000.0,,,0.0,,,0.0,0.0,,-693000000.0,-693000000.0,2000000.0,,,,-642000000.0,-642000000.0,1603000000.0,1603000000.0,-1866000000.0,-76000000.0,-577000000.0,1291000000.0,-774000000.0,-484000000.0,119000000.0,-1075000000.0,-1075000000.0,250000000.0,125000000.0,1132000000.0,1132000000.0,1333000000.0
GILD,3122000000.0,-230000000.0,-8000000.0,,-205000000.0,,7564000000.0,7330000000.0,229000000.0,-1263000000.0,-1263000000.0,-63000000.0,-994000000.0,-994000000.0,-198000000.0,-230000000.0,-8000000.0,,,-8000000.0,-8000000.0,,-1835000000.0,-1836000000.0,12000000.0,-1033000000.0,363000000.0,-1396000000.0,-205000000.0,-205000000.0,3327000000.0,3327000000.0,-604000000.0,,,-490000000.0,-95000000.0,-95000000.0,-123000000.0,179000000.0,179000000.0,806000000.0,230000000.0,687000000.0,687000000.0,2183000000.0
VRTX,348600000.0,-130900000.0,-1400000.0,,-149400000.0,389400000.0,5087800000.0,4947800000.0,132700000.0,-77200000.0,-77200000.0,1100000.0,,,-130900000.0,-130900000.0,-1400000.0,,,-1400000.0,-1400000.0,,-288100000.0,-288100000.0,-15900000.0,-122800000.0,1107800000.0,-1230600000.0,-149400000.0,-149400000.0,498000000.0,498000000.0,-947800000.0,105800000.0,,-626200000.0,38300000.0,38300000.0,-77400000.0,-99400000.0,-99400000.0,23100000.0,157600000.0,55700000.0,55700000.0,1191100000.0
REGN,880000000.0,-1190900000.0,,,-290700000.0,,3123700000.0,2513100000.0,610900000.0,-780100000.0,-780100000.0,0.0,-92700000.0,-92700000.0,-687400000.0,-1190900000.0,,,,,,,220300000.0,220300000.0,,511300000.0,2555000000.0,-2043700000.0,0.0,,1170700000.0,1170700000.0,5900000.0,,,-24700000.0,-24700000.0,-24700000.0,2100000.0,-51200000.0,-51200000.0,136900000.0,249300000.0,145000000.0,145000000.0,844600000.0
BIIB,401700000.0,,0.0,0.0,-110200000.0,,3008500000.0,3862800000.0,-856800000.0,-137000000.0,-137000000.0,-140000000.0,,,,,0.0,,,0.0,0.0,0.0,-1231700000.0,-1231700000.0,22700000.0,-1144200000.0,23100000.0,-1167300000.0,-43900000.0,-43900000.0,511900000.0,511900000.0,-108700000.0,,,203800000.0,,,-29400000.0,-21000000.0,27800000.0,199900000.0,59600000.0,200200000.0,200200000.0,-48900000.0
ZTS,732000000.0,-2060000000.0,0.0,2000000000.0,-161000000.0,133000000.0,2312000000.0,2084000000.0,232000000.0,-495000000.0,-495000000.0,-204000000.0,-220000000.0,-220000000.0,-2060000000.0,-2060000000.0,2000000000.0,0.0,,2000000000.0,0.0,2000000000.0,-166000000.0,-166000000.0,-2000000.0,11000000.0,,11000000.0,,,893000000.0,893000000.0,170000000.0,88000000.0,10000000.0,76000000.0,76000000.0,76000000.0,13000000.0,-52000000.0,-52000000.0,1000000.0,22000000.0,121000000.0,121000000.0,603000000.0
CVS,2606000000.0,0.0,-1267000000.0,0.0,-784000000.0,,8712000000.0,9352000000.0,-640000000.0,-2032000000.0,-2032000000.0,-6000000.0,-845000000.0,-845000000.0,0.0,0.0,-1267000000.0,-1247000000.0,-1247000000.0,-20000000.0,-20000000.0,0.0,-1998000000.0,-1998000000.0,17000000.0,-1224000000.0,2743000000.0,-3967000000.0,-784000000.0,-784000000.0,3390000000.0,3390000000.0,-1021000000.0,-855000000.0,-2005000000.0,-1915000000.0,-1915000000.0,-1197000000.0,-285000000.0,4039000000.0,4039000000.0,,135000000.0,1147000000.0,1147000000.0,2923000000.0
CI,5827000000.0,-1001000000.0,-2554000000.0,-3000000.0,-322000000.0,,7736000000.0,6071000000.0,1663000000.0,-4066000000.0,-4066000000.0,-125000000.0,-396000000.0,-396000000.0,-976000000.0,-1001000000.0,-2569000000.0,-12000000.0,,-2557000000.0,-2554000000.0,-3000000.0,-420000000.0,-420000000.0,-627000000.0,-134000000.0,733000000.0,-867000000.0,-322000000.0,-322000000.0,6149000000.0,6149000000.0,3487000000.0,,-1706000000.0,3685000000.0,3685000000.0,3685000000.0,,1921000000.0,1921000000.0,,,,722000000.0,1274000000.0
HUM,-1854000000.0,-42000000.0,-279000000.0,0.0,-202000000.0,80000000.0,4200000000.0,5388000000.0,-1188000000.0,-168000000.0,-168000000.0,178000000.0,-109000000.0,-109000000.0,-42000000.0,-42000000.0,-274000000.0,-97000000.0,,-177000000.0,-177000000.0,0.0,632000000.0,632000000.0,-79000000.0,966000000.0,2208000000.0,-1242000000.0,-179000000.0,-202000000.0,-1652000000.0,-1652000000.0,-1410000000.0,5000000.0,-799000000.0,-121000000.0,-121000000.0,-121000000.0,,-586000000.0,,,48000000.0,,194000000.0,-776000000.0
ELV,-209000000.0,-471000000.0,-542000000.0,2133000000.0,-293000000.0,,9491000000.0,8713000000.0,784000000.0,236000000.0,236000000.0,11000000.0,-377000000.0,-377000000.0,-471000000.0,-471000000.0,1591000000.0,1591000000.0,-545000000.0,0.0,3000000.0,-3000000.0,464000000.0,464000000.0,243000000.0,481000000.0,3242000000.0,-2761000000.0,-293000000.0,-293000000.0,84000000.0,84000000.0,-524000000.0,,530000000.0,-2259000000.0,-2259000000.0,-2259000000.0,,756000000.0,,,30000000.0,,406000000.0,546000000.0
XOM,5229000000.0,-5379000000.0,-1684000000.0,3450000000.0,-7450000000.0,3715000000.0,10681000000.0,13869000000.0,-3188000000.0,-8734000000.0,-8734000000.0,-755000000.0,-4366000000.0,-4366000000.0,-5379000000.0,-5379000000.0,1766000000.0,1695000000.0,-589000000.0,71000000.0,-1095000000.0,1166000000.0,-7133000000.0,-7133000000.0,3477000000.0,-3160000000.0,,-3160000000.0,-7450000000.0,-7450000000.0,12679000000.0,12679000000.0,-2728000000.0,,,,,,,,,-1194000000.0,,7715000000.0,,6609000000.0
CVX,5525000000.0,-2998000000.0,-3197000000.0,2273000000.0,-5264000000.0,1780000000.0,7285000000.0,8783000000.0,-1515000000.0,-7372000000.0,-7372000000.0,-103000000.0,-3404000000.0,-3404000000.0,-2998000000.0,-2998000000.0,-924000000.0,-242000000.0,-2279000000.0,-682000000.0,-918000000.0,236000000.0,-4932000000.0,-4932000000.0,277000000.0,-1000000.0,3000000.0,-4000000.0,,,10789000000.0,10789000000.0,1502000000.0,,,782000000.0,782000000.0,724000000.0,818000000.0,-236000000.0,-189000000.0,-420000000.0,,5964000000.0,5884000000.0,2845000000.0
COP,1295000000.0,-1057000000.0,-62000000.0,,-3023000000.0,926000000.0,6916000000.0,5599000000.0,1310000000.0,-2158000000.0,-2158000000.0,-1000000.0,-1038000000.0,-1038000000.0,-1057000000.0,-1057000000.0,-62000000.0,,,-62000000.0,-62000000.0,,-850000000.0,-850000000.0,1672000000.0,501000000.0,706000000.0,-205000000.0,,,4318000000.0,4318000000.0,0.0,,,190000000.0,190000000.0,-1000000.0,-165000000.0,-118000000.0,,79000000.0,,3131000000.0,2999000000.0,1442000000.0
CAT,2249000000.0,-317000000.0,-1876000000.0,2651000000.0,-1342000000.0,,9986000000.0,7544000000.0,2462000000.0,751000000.0,751000000.0,-1000000.0,-706000000.0,-706000000.0,-317000000.0,-317000000.0,1775000000.0,1000000000.0,,775000000.0,-1876000000.0,2651000000.0,-1880000000.0,-1880000000.0,-601000000.0,-111000000.0,549000000.0,-660000000.0,164000000.0,,3591000000.0,3591000000.0,458000000.0,61000000.0,-38000000.0,963000000.0,93000000.0,93000000.0,538000000.0,-1350000000.0,,233000000.0,,598000000.0,598000000.0,2401000000.0
GE,1850000000.0,-1997000000.0,-507000000.0,0.0,-431000000.0,,13657000000.0,13841000000.0,-196000000.0,-2826000000.0,-2826000000.0,51000000.0,-381000000.0,,-1997000000.0,-1997000000.0,-499000000.0,8000000.0,,-507000000.0,-507000000.0,0.0,305000000.0,550000000.0,1105000000.0,-170000000.0,,,-384000000.0,-431000000.0,2281000000.0,2096000000.0,-115000000.0,,,495000000.0,495000000.0,495000000.0,-194000000.0,-1562000000.0,-1167000000.0,-45000000.0,,307000000.0,307000000.0,2462000000.0
BA,366000000.0,,-2900000000.0,27000000.0,-965000000.0,,10921000000.0,6173000000.0,4780000000.0,-2951000000.0,-2951000000.0,9000000.0,-87000000.0,,,,-2873000000.0,,,-2873000000.0,-2900000000.0,27000000.0,6400000000.0,6400000000.0,-367000000.0,-1647000000.0,13954000000.0,-15601000000.0,-879000000.0,-956000000.0,1331000000.0,1331000000.0,1541000000.0,-52000000.0,-72000000.0,952000000.0,185000000.0,185000000.0,-1385000000.0,743000000.0,741000000.0,404000000.0,83000000.0,536000000.0,536000000.0,8220000000.0
HON,1146000000.0,-100000000.0,-7458000000.0,5126000000.0,-58000000.0,,12487000000.0,12930000000.0,-452000000.0,-1313000000.0,-1313000000.0,1784000000.0,-762000000.0,-762000000.0,-3000000.0,-100000000.0,-2332000000.0,-978000000.0,-6104000000.0,-1354000000.0,-1354000000.0,0.0,-343000000.0,-74000000.0,,-13000000.0,421000000.0,-434000000.0,8000000.0,,1204000000.0,871000000.0,985000000.0,,-34000000.0,1045000000.0,314000000.0,314000000.0,-32000000.0,210000000.0,210000000.0,-880000000.0,42000000.0,213000000.0,213000000.0,-427000000.0
UPS,2586000000.0,0.0,-924000000.0,0.0,-716000000.0,,5887000000.0,6764000000.0,-893000000.0,-2194000000.0,-2194000000.0,57000000.0,-1353000000.0,-1353000000.0,26000000.0,0.0,-924000000.0,0.0,,-924000000.0,-924000000.0,0.0,-2001000000.0,-2001000000.0,25000000.0,64000000.0,64000000.0,0.0,,,3302000000.0,3302000000.0,-240000000.0,11000000.0,145000000.0,840000000.0,611000000.0,611000000.0,,-1236000000.0,-1236000000.0,338000000.0,32000000.0,972000000.0,972000000.0,1791000000.0
RTX,3050000000.0,0.0,-1140000000.0,,-1115000000.0,,7435000000.0,5966000000.0,1462000000.0,-2154000000.0,-2154000000.0,-94000000.0,-914000000.0,-914000000.0,0.0,0.0,-1146000000.0,-6000000.0,,-1140000000.0,-1140000000.0,,-549000000.0,-549000000.0,-36000000.0,-141000000.0,92000000.0,,,,4165000000.0,4165000000.0,907000000.0,,-76000000.0,1322000000.0,,,483000000.0,-2266000000.0,-1747000000.0,-70000000.0,320000000.0,1159000000.0,1159000000.0,1713000000.0
LMT,2756000000.0,-750000000.0,-500000000.0,0.0,-463000000.0,,4121000000.0,3470000000.0,651000000.0,-2055000000.0,-2055000000.0,-6000000.0,-799000000.0,,-750000000.0,-750000000.0,-500000000.0,,,-500000000.0,-500000000.0,0.0,-513000000.0,-513000000.0,-50000000.0,,,,,,3219000000.0,3219000000.0,1839000000.0,,,-458000000.0,-458000000.0,-303000000.0,225000000.0,891000000.0,-57000000.0,-1295000000.0,89000000.0,463000000.0,463000000.0,1344000000.0
MMM,1335000000.0,-552000000.0,-11000000.0,0.0,-248000000.0,,5235000000.0,4671000000.0,561000000.0,-617000000.0,-617000000.0,-10000000.0,-387000000.0,-387000000.0,-552000000.0,-552000000.0,-11000000.0,0.0,,-11000000.0,-11000000.0,0.0,-405000000.0,-405000000.0,0.0,-183000000.0,283000000.0,-466000000.0,-222000000.0,-248000000.0,1583000000.0,1583000000.0,390000000.0,,,79000000.0,79000000.0,-46000000.0,231000000.0,240000000.0,240000000.0,-46000000.0,43000000.0,430000000.0,430000000.0,574000000.0
UNP,1226000000.0,0.0,-4000000.0,0.0,-999000000.0,-298000000.0,1280000000.0,830000000.0,450000000.0,-804000000.0,-804000000.0,18000000.0,-818000000.0,-818000000.0,0.0,0.0,-4000000.0,,,-4000000.0,-4000000.0,0.0,-971000000.0,-971000000.0,28000000.0,,,,,,2225000000.0,2225000000.0,-117000000.0,,24000000.0,128000000.0,128000000.0,128000000.0,-5000000.0,61000000.0,61000000.0,-199000000.0,,624000000.0,624000000.0,1848000000.0
FDX,1194000000.0,-296000000.0,-22000000.0,0.0,-757000000.0,1078000000.0,6570000000.0,6166000000.0,458000000.0,-632000000.0,-632000000.0,-4000000.0,-342000000.0,-342000000.0,-264000000.0,-296000000.0,-22000000.0,,,-22000000.0,-22000000.0,0.0,-861000000.0,-861000000.0,41000000.0,-145000000.0,147000000.0,-292000000.0,,,1951000000.0,1951000000.0,-1184000000.0,,-93000000.0,-154000000.0,-154000000.0,-154000000.0,,-979000000.0,,818000000.0,43000000.0,1068000000.0,1068000000.0,956000000.0
CSX,709000000.0,-112000000.0,-601000000.0,300000000.0,-677000000.0,,670000000.0,612000000.0,58000000.0,-622000000.0,-622000000.0,33000000.0,-242000000.0,,-112000000.0,-112000000.0,-301000000.0,,,-301000000.0,-601000000.0,300000000.0,-706000000.0,-706000000.0,-50000000.0,8000000.0,8000000.0,,-663000000.0,-677000000.0,1386000000.0,1386000000.0,223000000.0,112000000.0,-55000000.0,48000000.0,48000000.0,-61000000.0,,118000000.0,118000000.0,-12000000.0,,404000000.0,404000000.0,720000000.0
NSC,334000000.0,0.0,-5000000.0,0.0,-729000000.0,58000000.0,1530000000.0,1418000000.0,112000000.0,-307000000.0,-307000000.0,,-303000000.0,,1000000.0,0.0,-5000000.0,,,-5000000.0,-5000000.0,0.0,-644000000.0,-644000000.0,,41000000.0,47000000.0,-6000000.0,-685000000.0,-729000000.0,1063000000.0,1063000000.0,281000000.0,234000000.0,-91000000.0,,,,26000000.0,112000000.0,112000000.0,-66000000.0,,353000000.0,353000000.0,644000000.0
DE,-1578000000.0,-302000000.0,-3360000000.0,780000000.0,-688000000.0,,7073000000.0,8533000000.0,-1558000000.0,-2490000000.0,-2490000000.0,-15000000.0,-441000000.0,-441000000.0,-302000000.0,-302000000.0,-1732000000.0,848000000.0,,-2580000000.0,-3360000000.0,780000000.0,1822000000.0,1822000000.0,2118000000.0,15000000.0,144000000.0,-129000000.0,-311000000.0,-688000000.0,-890000000.0,-890000000.0,-2164000000.0,,,-1486000000.0,,,-746000000.0,350000000.0,350000000.0,-66000000.0,41000000.0,590000000.0,590000000.0,655000000.0
ITW,858000000.0,-375000000.0,0.0,0.0,-105000000.0,190000000.0,851000000.0,924000000.0,-76000000.0,-818000000.0,-818000000.0,0.0,-467000000.0,-467000000.0,-370000000.0,-375000000.0,19000000.0,19000000.0,,0.0,0.0,0.0,-221000000.0,-221000000.0,-1000000.0,1000000.0,1000000.0,,-101000000.0,-105000000.0,963000000.0,963000000.0,24000000.0,,,-46000000.0,-89000000.0,-89000000.0,82000000.0,43000000.0,43000000.0,5000000.0,17000000.0,103000000.0,103000000.0,790000000.0
EMR,602000000.0,-250000000.0,-3171000000.0,3473000000.0,-97000000.0,,1748000000.0,1544000000.0,210000000.0,-364000000.0,-364000000.0,-104000000.0,-312000000.0,-312000000.0,-250000000.0,-250000000.0,302000000.0,889000000.0,-2584000000.0,-587000000.0,-587000000.0,,-125000000.0,-125000000.0,-28000000.0,,,,,,699000000.0,699000000.0,-357000000.0,,-52000000.0,-283000000.0,-33000000.0,-33000000.0,-141000000.0,119000000.0,,36000000.0,55000000.0,359000000.0,359000000.0,606000000.0
ETN,1573000000.0,-193000000.0,-3000000.0,0.0,-392000000.0,,622000000.0,328000000.0,287000000.0,-1361000000.0,-1361000000.0,-3000000.0,-404000000.0,,-193000000.0,-193000000.0,-763000000.0,-760000000.0,,-3000000.0,-3000000.0,0.0,-318000000.0,-318000000.0,-35000000.0,68000000.0,,,27000000.0,,1965000000.0,1965000000.0,595000000.0,,,,,,,,,-94000000.0,,255000000.0,255000000.0,1132000000.0
SLB,2405000000.0,0.0,-485000000.0,-660000000.0,-600000000.0,,3036000000.0,3014000000.0,14000000.0,-1721000000.0,-1721000000.0,-113000000.0,-426000000.0,-426000000.0,0.0,0.0,-1181000000.0,-36000000.0,,-1145000000.0,-485000000.0,-660000000.0,-1270000000.0,-1270000000.0,101000000.0,-728000000.0,-522000000.0,-206000000.0,,,3005000000.0,3005000000.0,1228000000.0,-2000000.0,-60000000.0,660000000.0,660000000.0,599000000.0,177000000.0,453000000.0,,149000000.0,75000000.0,198000000.0,198000000.0,800000000.0
