日期,招商银行,沪深300指数
2017-01-03,17.96,3342.2272
2017-01-04,18.02,3368.3117
2017-01-05,18.1,3367.7892
2017-01-06,17.96,3347.6665
2017-01-09,17.94,3363.9014
2017-01-10,17.94,3358.2716
2017-01-11,17.96,3334.4954
2017-01-12,18.0,3317.6241
2017-01-13,18.22,3319.9122
2017-01-16,18.58,3319.4455
2017-01-17,18.45,3326.3563
2017-01-18,18.59,3339.3653
2017-01-19,18.52,3329.2891
2017-01-20,18.59,3354.8891
2017-01-23,18.5,3364.0808
2017-01-24,18.87,3364.4509
2017-01-25,18.88,3375.9042
2017-01-26,19.0,3387.9606
2017-02-03,18.7,3364.4923
2017-02-06,18.62,3373.2051
2017-02-07,18.57,3365.6849
2017-02-08,18.6,3383.2878
2017-02-09,18.73,3396.2924
2017-02-10,18.9,3413.4868
2017-02-13,18.97,3436.275
2017-02-14,18.87,3435.8042
2017-02-15,19.13,3421.7131
2017-02-16,19.14,3440.9331
2017-02-17,19.02,3421.4419
2017-02-20,19.4,3471.3926
2017-02-21,19.41,3482.823
2017-02-22,19.4,3489.7567
2017-02-23,19.38,3473.3236
2017-02-24,19.43,3473.8517
2017-02-27,19.41,3446.2228
2017-02-28,19.44,3452.8103
2017-03-01,19.34,3458.4376
2017-03-02,19.1,3435.0963
2017-03-03,19.01,3427.8628
2017-03-06,19.06,3446.484
2017-03-07,19.24,3453.9565
2017-03-08,19.29,3448.7313
2017-03-09,19.05,3426.9438
2017-03-10,18.91,3427.8916
2017-03-13,19.03,3458.098
2017-03-14,19.1,3456.6934
2017-03-15,19.01,3463.6436
2017-03-16,19.06,3481.5066
2017-03-17,18.81,3445.8051
2017-03-20,18.76,3449.6126
2017-03-21,18.76,3466.3468
2017-03-22,18.52,3450.0502
2017-03-23,18.64,3461.9782
2017-03-24,18.78,3489.5997
2017-03-27,19.1,3478.0385
2017-03-28,18.97,3469.8093
2017-03-29,19.09,3465.1933
2017-03-30,19.02,3436.758
2017-03-31,19.17,3456.0455
2017-04-05,19.07,3503.8932
2017-04-06,19.04,3514.0469
2017-04-07,18.89,3517.4634
2017-04-10,18.91,3505.1392
2017-04-11,19.02,3517.328
2017-04-12,19.05,3509.4387
2017-04-13,18.92,3514.5662
2017-04-14,18.82,3486.5045
2017-04-17,18.88,3479.9417
2017-04-18,18.6,3462.7429
2017-04-19,18.46,3445.8761
2017-04-20,18.39,3461.5481
2017-04-21,18.8,3466.7865
2017-04-24,18.91,3431.2587
2017-04-25,18.96,3440.9743
2017-04-26,19.11,3445.1832
2017-04-27,18.98,3446.7202
2017-04-28,19.13,3439.753
2017-05-02,19.01,3426.5766
2017-05-03,18.93,3413.1282
2017-05-04,18.75,3404.3864
2017-05-05,18.8,3382.5502
2017-05-08,18.79,3358.8125
2017-05-09,18.79,3352.5324
2017-05-10,19.02,3337.7007
2017-05-11,19.26,3356.6459
2017-05-12,20.34,3385.3787
2017-05-15,20.67,3399.1937
2017-05-16,20.49,3428.6491
2017-05-17,20.19,3409.9656
2017-05-18,20.25,3398.1127
2017-05-19,20.53,3403.8492
2017-05-22,20.89,3411.2387
2017-05-23,21.83,3424.194
2017-05-24,21.91,3424.1669
2017-05-25,22.95,3485.6581
2017-05-26,22.64,3480.4345
2017-05-31,22.42,3492.8845
2017-06-01,22.59,3497.7382
2017-06-02,22.16,3486.5074
2017-06-05,21.98,3468.7538
2017-06-06,21.93,3492.8816
2017-06-07,22.52,3533.8718
2017-06-08,22.74,3560.9786
2017-06-09,22.91,3576.1703
2017-06-12,22.84,3574.3894
2017-06-13,22.49,3582.2674
2017-06-14,21.3,3535.2987
2017-06-15,20.93,3528.7926
2017-06-16,20.81,3518.7611
2017-06-19,21.16,3553.6653
2017-06-20,21.08,3546.494
2017-06-21,21.31,3587.955
2017-06-22,22.73,3590.3425
2017-06-23,23.03,3622.8831
2017-06-26,23.04,3668.0919
2017-06-27,24.36,3674.7152
2017-06-28,23.8,3646.1666
2017-06-29,24.15,3668.8279
2017-06-30,23.91,3666.7977
2017-07-03,23.52,3650.8463
2017-07-04,23.0,3619.9841
2017-07-05,23.9,3659.6795
2017-07-06,23.96,3660.0967
2017-07-07,23.26,3655.9293
2017-07-10,23.26,3653.6868
2017-07-11,24.08,3670.8086
2017-07-12,24.34,3658.8236
2017-07-13,24.9,3686.9205
2017-07-14,25.18,3703.094
2017-07-17,25.11,3663.5575
2017-07-18,24.52,3667.1807
2017-07-19,25.22,3729.7466
2017-07-20,25.2,3747.8843
2017-07-21,24.74,3728.5976
2017-07-24,25.71,3743.4686
2017-07-25,25.53,3719.559
2017-07-26,25.46,3705.3884
2017-07-27,25.9,3712.1947
2017-07-28,25.78,3721.8914
2017-07-31,25.57,3737.8732
2017-08-01,26.14,3770.3828
2017-08-02,26.62,3760.8525
2017-08-03,25.89,3727.8264
2017-08-04,25.52,3707.5796
2017-08-07,25.98,3726.7948
2017-08-08,25.85,3732.2129
2017-08-09,25.54,3731.044
2017-08-10,25.14,3715.9208
2017-08-11,24.49,3647.3503
2017-08-14,24.8,3694.6831
2017-08-15,25.53,3706.0566
2017-08-16,25.17,3701.4207
2017-08-17,25.06,3721.277
2017-08-18,25.42,3724.6748
2017-08-21,25.3,3740.9941
2017-08-22,25.89,3752.298
2017-08-23,26.52,3756.0884
2017-08-24,26.69,3734.6458
2017-08-25,27.53,3795.7544
2017-08-28,27.24,3842.7119
2017-08-29,27.14,3834.5376
2017-08-30,27.16,3834.3005
2017-08-31,26.75,3822.0928
2017-09-01,26.76,3830.5383
2017-09-04,26.96,3845.6163
2017-09-05,27.34,3857.0464
2017-09-06,26.88,3849.4499
2017-09-07,26.35,3829.8713
2017-09-08,26.38,3825.9895
2017-09-11,26.18,3825.6453
2017-09-12,26.44,3837.9341
2017-09-13,26.17,3842.6061
2017-09-14,25.86,3829.9554
2017-09-15,25.97,3831.2965
2017-09-18,25.76,3843.1428
2017-09-19,26.17,3832.1161
2017-09-20,25.89,3842.4353
2017-09-21,26.06,3837.8176
2017-09-22,25.95,3837.7304
2017-09-25,25.81,3817.7915
2017-09-26,25.71,3820.7816
2017-09-27,25.4,3821.2
2017-09-28,25.2,3822.5386
2017-09-29,25.55,3836.5013
2017-10-09,26.08,3882.2076
2017-10-10,26.12,3889.8637
2017-10-11,26.04,3902.6868
2017-10-12,26.37,3912.9536
2017-10-13,26.2,3921.0017
2017-10-16,26.87,3913.4462
2017-10-17,27.03,3913.0688
2017-10-18,27.11,3944.1626
2017-10-19,27.1,3931.2495
2017-10-20,26.77,3926.852
2017-10-23,26.5,3930.7981
2017-10-24,26.62,3959.3953
2017-10-25,26.8,3976.949
2017-10-26,26.55,3993.5752
2017-10-27,28.1,4021.9676
2017-10-30,27.79,4009.7218
2017-10-31,27.1,4006.7179
2017-11-01,26.9,3996.6221
2017-11-02,27.01,3997.1343
2017-11-03,27.06,3992.6979
2017-11-06,26.61,4020.8896
2017-11-07,27.03,4054.2465
2017-11-08,27.09,4048.0057
2017-11-09,27.07,4075.8998
2017-11-10,27.07,4111.9112
2017-11-13,27.67,4128.0733
2017-11-14,28.02,4099.351
2017-11-15,27.88,4073.6696
2017-11-16,28.1,4105.0122
2017-11-17,29.38,4120.8508
2017-11-20,30.53,4143.8334
2017-11-21,30.36,4217.7015
2017-11-22,30.9,4227.5666
2017-11-23,30.0,4102.3966
2017-11-24,30.09,4104.2034
2017-11-27,29.88,4049.9475
2017-11-28,29.19,4055.8235
2017-11-29,29.56,4053.7529
2017-11-30,28.99,4006.0993
2017-12-01,28.61,3998.1365
2017-12-04,28.72,4018.8571
2017-12-05,29.49,4040.1704
2017-12-06,28.93,4015.8211
2017-12-07,28.25,3971.0569
2017-12-08,28.52,4003.3792
2017-12-11,28.93,4069.4997
2017-12-12,28.35,4016.0163
2017-12-13,28.6,4050.0927
2017-12-14,28.63,4026.1516
2017-12-15,28.06,3980.8558
2017-12-18,28.33,3985.2914
2017-12-19,29.36,4035.3294
2017-12-20,29.47,4030.4898
2017-12-21,29.64,4067.8485
2017-12-22,29.29,4054.5984
2017-12-25,29.29,4041.5401
2017-12-26,29.71,4053.6224
2017-12-27,28.76,3991.2075
2017-12-28,28.63,4018.8974
2017-12-29,29.02,4030.8549
2018-01-02,29.62,4087.4012
2018-01-03,29.97,4111.3925
2018-01-04,29.65,4128.8119
2018-01-05,30.1,4138.7505
2018-01-08,29.47,4160.1595
2018-01-09,29.77,4189.2977
2018-01-10,30.53,4207.8132
2018-01-11,30.92,4205.5863
2018-01-12,31.51,4225.001
2018-01-15,31.94,4225.2393
2018-01-16,31.89,4258.473
2018-01-17,31.69,4248.1164
2018-01-18,32.32,4271.4168
2018-01-19,32.46,4285.395
2018-01-22,33.08,4336.5974
2018-01-23,34.05,4382.6129
2018-01-24,33.85,4389.8853
2018-01-25,33.41,4365.0794
2018-01-26,33.47,4381.2996
2018-01-29,32.98,4302.0181
2018-01-30,32.57,4256.1021
2018-01-31,33.94,4275.8986
2018-02-01,34.45,4245.8978
2018-02-02,34.5,4271.2326
2018-02-05,34.89,4274.1464
2018-02-06,34.62,4148.8856
2018-02-07,32.39,4050.4972
2018-02-08,31.28,4012.0472
2018-02-09,30.71,3840.6527
2018-02-12,30.05,3890.1046
2018-02-13,30.91,3935.6324
2018-02-14,31.37,3966.9614
2018-02-22,31.5,4052.7332
2018-02-23,31.78,4071.0889
2018-02-26,31.51,4118.4186
2018-02-27,30.87,4058.9806
2018-02-28,30.3,4023.6415
2018-03-01,30.4,4049.0863
2018-03-02,30.03,4016.461
2018-03-05,30.15,4018.097
2018-03-06,30.04,4066.5647
2018-03-07,30.77,4036.6536
2018-03-08,30.92,4077.6001
2018-03-09,31.15,4108.8652
2018-03-12,30.84,4127.6662
2018-03-13,30.73,4091.2533
2018-03-14,30.39,4073.3447
2018-03-15,30.52,4096.1627
2018-03-16,30.13,4056.4226
2018-03-19,30.71,4074.2479
2018-03-20,30.99,4077.7041
2018-03-21,31.26,4061.0502
2018-03-22,31.23,4020.349
2018-03-23,30.31,3904.9355
2018-03-26,29.11,3879.893
2018-03-27,28.72,3913.2689
2018-03-28,28.7,3842.7155
2018-03-29,29.31,3894.0498
2018-03-30,29.09,3898.4977
2018-04-02,29.01,3886.9189
2018-04-03,28.81,3862.4796
2018-04-04,28.76,3854.8625
2018-04-09,28.84,3852.9292
2018-04-10,30.29,3927.1729
2018-04-11,30.49,3938.3434
2018-04-12,29.93,3898.6354
2018-04-13,29.54,3871.1443
2018-04-16,28.11,3808.863
2018-04-17,27.69,3748.6412
2018-04-18,28.14,3766.282
2018-04-19,28.24,3811.843
2018-04-20,28.21,3760.8543
2018-04-23,28.29,3766.3257
2018-04-24,28.86,3843.4886
2018-04-25,28.82,3828.7015
2018-04-26,28.8,3755.4941
2018-04-27,29.33,3756.8765
2018-05-02,29.56,3763.6461
2018-05-03,29.3,3793.0001
2018-05-04,28.74,3774.5981
2018-05-07,28.93,3834.1877
2018-05-08,29.68,3878.6767
2018-05-09,29.75,3871.6152
2018-05-10,29.84,3893.0565
2018-05-11,30.08,3872.8383
2018-05-14,30.82,3909.2933
2018-05-15,30.56,3924.0975
2018-05-16,29.97,3892.8442
2018-05-17,29.8,3864.0507
2018-05-18,30.46,3903.0637
2018-05-21,30.27,3921.2421
2018-05-22,29.82,3906.2081
2018-05-23,29.61,3854.5825
2018-05-24,29.1,3827.217
2018-05-25,29.21,3816.498
2018-05-28,28.8,3833.2599
2018-05-29,28.94,3804.0093
2018-05-30,28.3,3723.3724
2018-05-31,28.78,3802.3759
2018-06-01,28.6,3770.5891
2018-06-04,29.25,3807.5781
2018-06-05,29.26,3845.3164
2018-06-06,28.8,3837.3511
2018-06-07,28.9,3831.0128
2018-06-08,28.2,3779.6159
2018-06-11,28.63,3779.9818
2018-06-12,28.74,3825.9534
2018-06-13,28.71,3788.3391
2018-06-14,28.57,3773.3655
2018-06-15,28.94,3753.4338
2018-06-19,28.99,3621.1166
2018-06-20,28.51,3635.4436
2018-06-21,28.65,3592.965
2018-06-22,28.62,3608.9046
2018-06-25,27.67,3560.4777
2018-06-26,26.9,3531.1112
2018-06-27,26.33,3459.2621
2018-06-28,25.85,3423.5255
2018-06-29,26.44,3510.9845
2018-07-02,25.44,3407.9638
2018-07-03,25.22,3409.2801
2018-07-04,25.05,3363.7473
2018-07-05,25.44,3342.4379
2018-07-06,25.84,3365.1227
2018-07-09,26.95,3459.1837
2018-07-10,26.8,3467.5155
2018-07-11,26.6,3407.5297
2018-07-12,26.04,3481.0559
2018-07-13,26.23,3492.6897
2018-07-16,25.67,3472.0859
2018-07-17,25.37,3449.3773
2018-07-18,25.29,3431.3227
2018-07-19,25.62,3428.343
2018-07-20,27.38,3492.8938
2018-07-23,27.86,3525.7503
2018-07-24,27.75,3581.7057
2018-07-25,28.22,3577.7522
2018-07-26,28.12,3536.2456
2018-07-27,28.09,3521.2269
2018-07-30,28.61,3515.0794
2018-07-31,28.39,3517.6568
2018-08-01,27.87,3447.3882
2018-08-02,27.18,3370.9579
2018-08-03,27.24,3315.2839
2018-08-06,27.59,3273.2728
2018-08-07,28.48,3368.8695
2018-08-08,28.11,3314.5075
2018-08-09,28.77,3397.5298
2018-08-10,28.44,3405.0191
2018-08-13,27.71,3390.3441
2018-08-14,27.51,3372.9137
2018-08-15,26.7,3291.976
2018-08-16,26.74,3276.7276
2018-08-17,26.52,3229.6198
2018-08-20,26.96,3267.2498
2018-08-21,27.1,3326.6489
2018-08-22,27.04,3307.9545
2018-08-23,27.3,3320.0257
2018-08-24,27.7,3325.3347
2018-08-27,28.54,3406.5735
2018-08-28,28.62,3400.1705
2018-08-29,28.76,3386.5736
2018-08-30,28.14,3351.0942
2018-08-31,28.29,3334.5036
2018-09-03,28.14,3321.8248
2018-09-04,28.64,3363.8984
2018-09-05,27.69,3298.1412
2018-09-06,27.5,3262.8808
2018-09-07,28.17,3277.6438
2018-09-10,27.9,3230.0681
2018-09-11,27.4,3224.2116
2018-09-12,27.4,3202.0248
2018-09-13,27.76,3236.5662
2018-09-14,27.88,3242.0902
2018-09-17,27.45,3204.9224
2018-09-18,28.18,3269.4319
2018-09-19,28.4,3312.4823
2018-09-20,28.51,3310.1258
2018-09-21,30.3,3410.4856
2018-09-25,29.62,3379.8043
2018-09-26,30.45,3417.2413
2018-09-27,30.43,3403.5902
2018-09-28,30.69,3438.8649
2018-10-08,29.43,3290.8988
2018-10-09,29.4,3288.6906
2018-10-10,29.6,3281.5978
2018-10-11,28.45,3124.1139
2018-10-12,29.16,3170.7262
2018-10-15,28.74,3126.4516
2018-10-16,29.1,3100.9738
2018-10-17,29.0,3118.2463
2018-10-18,27.9,3044.3918
2018-10-19,29.21,3134.9455
2018-10-22,30.0,3270.2732
2018-10-23,29.02,3183.4257
2018-10-24,29.39,3188.2018
2018-10-25,29.66,3194.3084
2018-10-26,29.6,3173.635
2018-10-29,27.85,3076.8889
2018-10-30,28.35,3110.2605
2018-10-31,28.91,3153.8234
2018-11-01,29.05,3177.0338
2018-11-02,30.33,3290.2455
2018-11-05,30.0,3262.8351
2018-11-06,29.87,3243.1504
2018-11-07,29.57,3221.9101
2018-11-08,30.01,3212.7737
2018-11-09,28.6,3167.4442
2018-11-12,28.56,3205.1407
2018-11-13,28.58,3237.3823
2018-11-14,28.16,3204.9427
2018-11-15,28.38,3242.3715
2018-11-16,28.48,3257.6735
2018-11-19,28.95,3294.6031
2018-11-20,28.42,3218.4076
2018-11-21,28.4,3226.4918
2018-11-22,28.3,3214.4273
2018-11-23,27.88,3143.4752
2018-11-26,28.27,3141.2434
2018-11-27,27.99,3137.2413
2018-11-28,28.28,3178.9326
2018-11-29,28.3,3137.6542
2018-11-30,28.55,3172.69
2018-12-03,29.46,3260.9502
2018-12-04,29.57,3267.7095
2018-12-05,29.37,3252.0041
2018-12-06,28.9,3181.673
2018-12-07,28.58,3181.5646
2018-12-10,28.34,3144.7631
2018-12-11,28.51,3159.8158
2018-12-12,28.46,3170.6092
2018-12-13,28.75,3219.6924
2018-12-14,28.33,3165.9109
2018-12-17,28.29,3161.1966
2018-12-18,27.91,3128.4265
2018-12-19,26.77,3091.1255
2018-12-20,25.91,3067.4169
2018-12-21,25.39,3029.3951
2018-12-24,25.45,3038.1981
2018-12-25,25.29,3017.2815
2018-12-26,24.85,3002.0327
2018-12-27,24.85,2990.5057
2018-12-28,25.2,3010.6536
2019-01-02,24.57,2969.5353
2019-01-03,24.88,2964.8421
2019-01-04,25.51,3035.8741
2019-01-07,25.52,3054.303
2019-01-08,25.22,3047.7035
2019-01-09,25.7,3078.4759
2019-01-10,25.85,3072.6864
2019-01-11,26.46,3094.7782
2019-01-14,26.31,3067.7845
2019-01-15,26.8,3127.9904
2019-01-16,26.85,3128.6517
2019-01-17,26.47,3111.4168
2019-01-18,27.1,3168.1739
2019-01-21,27.33,3185.6364
2019-01-22,26.98,3143.3171
2019-01-23,27.16,3141.0532
2019-01-24,27.87,3158.7817
2019-01-25,28.52,3184.4696
2019-01-28,28.66,3183.7777
2019-01-29,28.64,3193.9698
2019-01-30,28.42,3168.4829
2019-01-31,29.21,3201.6331
2019-02-01,29.3,3247.3971
2019-02-11,29.39,3306.4725
2019-02-12,29.32,3330.3353
2019-02-13,29.84,3397.0276
2019-02-14,29.86,3402.1403
2019-02-15,29.15,3338.7047
2019-02-18,29.87,3445.7448
2019-02-19,29.88,3439.6078
2019-02-20,30.15,3451.9273
2019-02-21,30.08,3442.7056
2019-02-22,30.63,3520.1182
2019-02-25,32.52,3729.4831
2019-02-26,31.49,3684.6935
2019-02-27,31.71,3678.3921
2019-02-28,31.74,3669.3703
2019-03-01,32.9,3749.7143
2019-03-04,32.69,3794.104
2019-03-05,32.35,3816.0132
2019-03-06,32.22,3848.0903
2019-03-07,31.3,3808.8497
2019-03-08,30.78,3657.579
2019-03-11,30.53,3729.9546
2019-03-12,30.66,3755.3519
2019-03-13,31.04,3724.1941
2019-03-14,31.45,3698.4858
2019-03-15,31.67,3745.005
2019-03-18,32.36,3851.7479
2019-03-19,32.03,3833.9626
2019-03-20,32.27,3835.4397
2019-03-21,31.98,3836.8913
2019-03-22,32.35,3833.8013
2019-03-25,31.17,3742.8252
2019-03-26,31.49,3700.4388
2019-03-27,32.4,3743.3878
2019-03-28,32.52,3728.3953
2019-03-29,33.92,3872.3412
2019-04-01,34.08,3973.928
2019-04-02,34.49,3971.2852
2019-04-03,34.86,4022.1566
2019-04-04,35.59,4062.2309
2019-04-08,35.93,4057.2286
2019-04-09,35.23,4075.4301
2019-04-10,35.07,4085.847
2019-04-11,34.96,3997.5778
2019-04-12,34.8,3988.6168
2019-04-15,34.82,3975.5244
2019-04-16,36.0,4085.7891
2019-04-17,35.83,4087.2398
2019-04-18,35.5,4072.0753
2019-04-19,36.0,4120.6078
2019-04-22,34.8,4025.6109
2019-04-23,35.23,4019.0053
2019-04-24,35.8,4030.0887
2019-04-25,35.43,3941.816
2019-04-26,34.36,3889.2748
2019-04-29,35.33,3900.3339
2019-04-30,34.45,3913.211
2019-05-06,33.91,3684.6168
2019-05-07,33.71,3720.6684
2019-05-08,33.13,3667.4574
2019-05-09,32.42,3599.7001
2019-05-10,33.61,3730.4513
2019-05-13,32.8,3668.7255
2019-05-14,32.56,3645.1503
2019-05-15,33.63,3727.0923
2019-05-16,33.67,3743.9635
2019-05-17,33.31,3648.7609
2019-05-20,33.28,3617.7924
2019-05-21,33.63,3666.7762
2019-05-22,33.53,3649.3796
2019-05-23,33.35,3583.9646
2019-05-24,33.6,3593.9139
2019-05-27,33.78,3637.1971
2019-05-28,34.38,3672.2605
2019-05-29,34.25,3663.909
2019-05-30,34.3,3641.1833
2019-05-31,34.21,3629.7893
2019-06-03,34.4,3632.0127
2019-06-04,34.03,3598.4666
2019-06-05,33.95,3597.105
2019-06-06,33.9,3564.6778
2019-06-10,34.74,3610.7435
2019-06-11,35.42,3719.2759
2019-06-12,35.33,3691.0957
2019-06-13,35.25,3685.3933
2019-06-14,35.35,3654.8799
2019-06-17,35.6,3654.8248
2019-06-18,36.02,3667.6185
2019-06-19,36.8,3715.9381
2019-06-20,38.38,3828.5183
2019-06-21,37.69,3833.9383
2019-06-24,37.96,3841.2659
2019-06-25,36.13,3801.3098
2019-06-26,35.47,3794.331
2019-06-27,36.45,3834.8172
2019-06-28,35.98,3825.5873
2019-07-01,36.9,3935.8116
2019-07-02,36.52,3937.1691
2019-07-03,36.15,3893.5341
2019-07-04,36.08,3873.1019
2019-07-05,36.47,3893.2025
2019-07-08,35.56,3802.7897
2019-07-09,35.29,3793.1297
2019-07-10,35.12,3786.739
2019-07-11,35.9,3785.221
2019-07-12,35.4,3808.7311
2019-07-15,35.3,3824.1878
2019-07-16,35.31,3806.8449
2019-07-17,35.21,3804.6384
2019-07-18,35.32,3768.4019
2019-07-19,36.37,3807.9551
2019-07-22,36.37,3781.6832
2019-07-23,36.21,3789.9135
2019-07-24,36.43,3819.8325
2019-07-25,37.26,3851.0665
2019-07-26,37.22,3858.5688
2019-07-29,36.83,3854.2704
2019-07-30,36.77,3870.3176
2019-07-31,36.56,3835.3589
2019-08-01,36.2,3803.4694
2019-08-02,35.75,3747.4379
2019-08-05,35.21,3675.6884
2019-08-06,34.88,3636.3289
2019-08-07,34.53,3621.431
2019-08-08,35.36,3669.2936
2019-08-09,34.99,3633.5296
2019-08-12,35.41,3699.1047
2019-08-13,34.85,3665.7515
2019-08-14,34.86,3682.4015
2019-08-15,34.87,3694.0006
2019-08-16,35.16,3710.5386
2019-08-19,35.3,3791.0946
2019-08-20,35.33,3787.7324
2019-08-21,35.45,3781.7579
2019-08-22,35.34,3793.5061
2019-08-23,36.27,3820.8638
2019-08-26,35.0,3765.9105
2019-08-27,34.75,3816.9459
2019-08-28,34.5,3802.5844
2019-08-29,33.93,3790.1867
2019-08-30,34.28,3799.5863
2019-09-02,34.34,3848.3198
2019-09-03,34.15,3853.6106
2019-09-04,34.89,3886.0012
2019-09-05,35.52,3925.323
2019-09-06,35.89,3948.5075
2019-09-09,35.5,3972.9484
2019-09-10,35.0,3959.265
2019-09-11,35.05,3930.0999
2019-09-12,35.29,3972.3799
2019-09-16,35.0,3957.7154
2019-09-17,34.79,3891.2208
2019-09-18,34.8,3910.0837
2019-09-19,34.51,3924.3823
2019-09-20,34.51,3935.6511
2019-09-23,34.04,3890.6616
2019-09-24,34.08,3901.0758
2019-09-25,34.35,3870.9837
2019-09-26,35.22,3841.1388
2019-09-27,35.2,3852.6534
2019-09-30,34.75,3814.5282
2019-10-08,34.81,3837.6791
2019-10-09,35.18,3843.2392
2019-10-10,35.11,3874.6391
2019-10-11,36.29,3911.7253
2019-10-14,36.83,3953.2411
2019-10-15,36.64,3936.2498
2019-10-16,36.81,3922.6854
2019-10-17,37.0,3925.2216
2019-10-18,36.18,3869.3777
2019-10-21,36.22,3880.8398
2019-10-22,36.13,3895.8809
2019-10-23,36.0,3871.0848
2019-10-24,36.5,3870.6678
2019-10-25,36.4,3896.7923
2019-10-28,36.2,3926.585
2019-10-29,36.15,3910.226
2019-10-30,35.41,3891.2255
2019-10-31,35.5,3886.7519
2019-11-01,36.6,3952.3872
2019-11-04,37.18,3978.1216
2019-11-05,37.66,4002.8128
2019-11-06,38.15,3984.8816
2019-11-07,38.16,3991.8749
2019-11-08,37.75,3973.0107
2019-11-11,37.31,3902.9783
2019-11-12,37.2,3903.6888
2019-11-13,37.0,3899.9815
2019-11-14,36.74,3905.857
2019-11-15,36.83,3877.0892
2019-11-18,37.5,3907.9291
2019-11-19,37.52,3947.0392
2019-11-20,36.58,3907.8641
2019-11-21,36.44,3889.598
2019-11-22,36.23,3849.9948
2019-11-25,36.58,3878.2061
2019-11-26,36.0,3891.6533
2019-11-27,36.65,3875.6186
2019-11-28,36.63,3862.3029
2019-11-29,36.03,3828.6706
2019-12-02,36.11,3836.0589
2019-12-03,36.46,3851.0873
2019-12-04,36.28,3849.819
2019-12-05,36.38,3879.3638
2019-12-06,36.41,3902.3853
2019-12-09,36.27,3895.4468
2019-12-10,36.12,3900.3843
2019-12-11,36.4,3902.7492
2019-12-12,36.4,3891.0242
2019-12-13,37.5,3968.2211
2019-12-16,37.28,3987.5464
2019-12-17,37.5,4041.7996
2019-12-18,37.99,4032.7826
2019-12-19,37.77,4027.1495
2019-12-20,37.54,4017.2527
2019-12-23,37.4,3967.0962
2019-12-24,38.01,3992.9581
2019-12-25,37.79,3990.8671
2019-12-26,38.1,4025.9879
2019-12-27,37.86,4022.0278
2019-12-30,37.83,4081.6334
2019-12-31,37.58,4096.5821
2020-01-02,38.88,4152.2408
2020-01-03,39.4,4144.9649
2020-01-06,39.24,4129.2954
2020-01-07,39.15,4160.2274
2020-01-08,38.41,4112.3172
2020-01-09,38.9,4164.3697
2020-01-10,39.04,4163.1849
2020-01-13,39.1,4203.9883
2020-01-14,38.81,4189.8862
2020-01-15,38.12,4166.7344
2020-01-16,37.96,4149.0434
2020-01-17,37.93,4154.853
2020-01-20,38.31,4185.8304
2020-01-21,37.79,4114.3085
2020-01-22,37.82,4131.9311
2020-01-23,36.81,4003.9013
2020-02-03,35.03,3688.3578
2020-02-04,35.35,3785.6376
2020-02-05,35.36,3828.5272
2020-02-06,35.75,3899.7751
2020-02-07,35.42,3899.8693
2020-02-10,35.1,3916.0052
2020-02-11,35.57,3952.4643
2020-02-12,35.6,3984.4325
2020-02-13,35.27,3959.9188
2020-02-14,35.64,3987.7342
2020-02-17,36.17,4077.4241
2020-02-18,35.7,4057.5108
2020-02-19,35.53,4051.3107
2020-02-20,35.98,4144.6561
2020-02-21,35.64,4149.4903
2020-02-24,35.05,4132.8388
2020-02-25,34.63,4123.8543
2020-02-26,34.83,4073.0152
2020-02-27,35.22,4084.8759
2020-02-28,34.2,3940.0488
2020-03-02,34.75,4069.6662
2020-03-03,34.62,4091.3615
2020-03-04,34.78,4115.0524
2020-03-05,36.23,4206.7251
2020-03-06,35.41,4138.5072
2020-03-09,34.18,3997.1325
2020-03-10,34.68,4082.7315
2020-03-11,34.45,4028.4289
2020-03-12,34.16,3950.9111
2020-03-13,33.41,3895.3128
2020-03-16,31.67,3727.8398
2020-03-17,31.73,3709.6822
2020-03-18,30.82,3636.2565
2020-03-19,29.31,3589.0926
2020-03-20,31.04,3653.2239
2020-03-23,30.16,3530.3058
2020-03-24,31.51,3625.1146
2020-03-25,32.49,3722.5181
2020-03-26,32.72,3698.0472
2020-03-27,32.72,3710.0605
2020-03-30,32.65,3674.1108
2020-03-31,32.28,3686.1551
2020-04-01,32.13,3675.0758
2020-04-02,32.34,3734.5306
2020-04-03,32.15,3713.2183
2020-04-07,32.52,3798.0214
2020-04-08,32.22,3780.3445
2020-04-09,32.3,3792.8105
2020-04-10,32.1,3769.1782
2020-04-13,31.93,3753.2566
2020-04-14,32.71,3825.6991
2020-04-15,32.42,3797.3623
2020-04-16,32.1,3802.3806
2020-04-17,32.86,3839.4871
2020-04-20,32.9,3853.4551
2020-04-21,32.65,3808.0474
2020-04-22,32.73,3839.3834
2020-04-23,32.69,3829.7525
2020-04-24,32.51,3796.9721
2020-04-27,33.58,3822.769
2020-04-28,33.86,3849.1465
2020-04-29,35.02,3867.032
2020-04-30,35.09,3912.5772
2020-05-06,34.63,3936.2539
2020-05-07,34.45,3924.8946
2020-05-08,34.97,3963.6217
2020-05-11,34.96,3960.1803
2020-05-12,34.59,3960.2378
2020-05-13,34.54,3968.2529
2020-05-14,33.93,3925.2177
2020-05-15,33.85,3912.8159
2020-05-18,33.8,3922.9117
2020-05-19,34.27,3956.2495
2020-05-20,34.68,3935.222
2020-05-21,34.73,3913.7949
2020-05-22,33.63,3824.064
2020-05-25,33.09,3829.3245
2020-05-26,33.43,3872.7701
2020-05-27,33.43,3845.6135
2020-05-28,34.22,3856.6324
2020-05-29,33.82,3867.0232
2020-06-01,34.82,3971.3402
2020-06-02,35.04,3983.5677
2020-06-03,35.22,3983.6477
2020-06-04,35.15,3982.1851
2020-06-05,35.24,4001.2509
2020-06-08,35.67,4021.9549
2020-06-09,35.53,4047.0293
2020-06-10,35.34,4039.7051
2020-06-11,34.47,3995.8846
2020-06-12,34.5,4003.0829
2020-06-15,33.57,3954.9883
2020-06-16,34.14,4014.5702
2020-06-17,34.2,4017.5941
2020-06-18,33.89,4044.3842
2020-06-19,33.86,4098.7095
2020-06-22,33.5,4102.0459
2020-06-23,33.35,4121.7944
2020-06-24,33.9,4138.9895
2020-06-29,33.64,4109.7164
2020-06-30,33.72,4163.9637
2020-07-01,34.79,4247.7835
2020-07-02,35.3,4335.8445
2020-07-03,36.74,4419.5955
2020-07-06,40.41,4670.0949
2020-07-07,41.06,4698.1264
2020-07-08,40.5,4774.0042
2020-07-09,39.91,4840.7712
2020-07-10,37.25,4753.1333
2020-07-13,37.3,4852.9612
2020-07-14,36.51,4806.6902
2020-07-15,35.86,4744.4687
2020-07-16,35.6,4516.2532
2020-07-17,36.08,4544.7007
2020-07-20,37.27,4680.3046
2020-07-21,36.84,4691.0425
2020-07-22,36.44,4714.4454
2020-07-23,35.6,4712.4357
2020-07-24,34.6,4505.5906
2020-07-27,34.25,4528.45
2020-07-28,34.58,4568.2576
2020-07-29,35.07,4679.008
2020-07-30,34.56,4656.1506
2020-07-31,34.8,4695.0462
2020-08-03,35.0,4771.3108
2020-08-04,36.68,4775.8024
2020-08-05,36.3,4777.1089
2020-08-06,37.02,4762.7642
2020-08-07,36.61,4707.9262
2020-08-10,37.0,4724.8697
2020-08-11,37.54,4681.7837
2020-08-12,37.79,4647.6446
2020-08-13,37.33,4635.7126
2020-08-14,38.0,4704.6288
2020-08-17,39.05,4815.2261
2020-08-18,38.85,4812.7564
2020-08-19,38.35,4740.6784
2020-08-20,37.52,4679.1544
2020-08-21,37.77,4718.8431
2020-08-24,37.5,4755.8491
2020-08-25,37.58,4761.9507
2020-08-26,37.23,4706.1302
2020-08-27,36.9,4731.3451
2020-08-28,38.45,4844.2652
2020-08-31,37.69,4816.2153
2020-09-01,37.42,4842.1223
2020-09-02,37.2,4843.887
2020-09-03,36.98,4817.0952
2020-09-04,36.8,4770.219
2020-09-07,36.79,4669.3677
2020-09-08,37.59,4694.3894
2020-09-09,37.6,4584.5887
2020-09-10,37.7,4581.9775
2020-09-11,37.24,4627.2826
2020-09-14,37.35,4651.0507
2020-09-15,37.9,4688.4826
2020-09-16,38.06,4657.3584
2020-09-17,37.87,4632.7142
2020-09-18,38.99,4737.0887
2020-09-21,38.6,4691.4281
2020-09-22,37.88,4635.7608
2020-09-23,37.5,4652.3273
2020-09-24,37.06,4563.0657
2020-09-25,37.18,4570.0216
2020-09-28,37.25,4581.9085
2020-09-29,36.31,4591.7993
2020-09-30,36.0,4587.3953
2020-10-09,36.18,4681.1412
2020-10-12,37.56,4823.1578
2020-10-13,37.79,4839.201
2020-10-14,38.05,4807.1021
2020-10-15,39.01,4798.7361
2020-10-16,39.78,4791.676
2020-10-19,39.99,4755.4879
2020-10-20,39.97,4793.4672
2020-10-21,40.8,4792.8284
2020-10-22,41.19,4777.9845
2020-10-23,41.22,4718.4881
2020-10-26,40.62,4691.2359
2020-10-27,40.45,4699.2792
2020-10-28,40.1,4737.2718
2020-10-29,40.19,4772.9198
2020-10-30,39.81,4695.3338
2020-11-02,40.25,4720.8313
2020-11-03,41.24,4777.5608
2020-11-04,42.93,4813.6564
2020-11-05,42.79,4885.1118
2020-11-06,42.48,4885.7178
2020-11-09,43.03,4981.3497
2020-11-10,43.72,4953.8756
2020-11-11,44.35,4904.8981
2020-11-12,43.58,4908.463
2020-11-13,42.58,4856.8513
2020-11-16,43.0,4904.1716
2020-11-17,43.84,4894.786
2020-11-18,44.75,4891.6716
2020-11-19,44.87,4927.9891
2020-11-20,45.05,4943.2882
2020-11-23,45.4,5005.0273
2020-11-24,44.87,4974.2855
2020-11-25,44.43,4910.7
2020-11-26,45.09,4919.5912
2020-11-27,45.85,4980.765
2020-11-30,44.2,4960.2519
2020-12-01,46.2,5067.0983
2020-12-02,46.8,5067.1447
2020-12-03,46.49,5057.0603
2020-12-04,45.78,5065.9163
2020-12-07,44.42,5022.2351
2020-12-08,44.26,5009.8786
2020-12-09,44.24,4942.6986
2020-12-10,44.28,4940.5249
2020-12-11,42.68,4889.6292
2020-12-14,44.37,4934.8352
2020-12-15,44.35,4945.1
2020-12-16,44.06,4953.867
2020-12-17,44.05,5017.4784
2020-12-18,43.1,4999.9678
2020-12-21,42.89,5046.8396
2020-12-22,41.91,4964.7727
2020-12-23,42.32,5007.1235
2020-12-24,42.57,5000.0154
2020-12-25,42.72,5042.0137
2020-12-28,43.04,5064.4147
2020-12-29,42.83,5042.9361
2020-12-30,43.05,5113.7105
2020-12-31,43.95,5211.2885
